CustomerID,CustomerName,DateOfBirth,Gender,Occupation,City,Country,AccountOpenDate,CustomerStatus
1,Jonathan Holland,1965-04-14,Male,Doctor,Lauramouth,UAE,2026-04-12,Active
2,Dean Rodriguez,1977-09-19,Male,Teacher,Popechester,India,2024-05-31,Active
3,Tony Coleman,1966-09-20,Female,Analyst,Fitzgeraldfort,UK,2019-09-20,Active
4,Cody Brooks,1954-04-10,Female,Manager,Kimberlyfort,Singapore,2020-08-09,Active
5,Kelly Stein,1987-12-11,Male,Analyst,Serranoborough,Canada,2020-09-06,Inactive
6,Robert Cox,1971-03-11,Female,Engineer,Angelaberg,North Korea,2026-02-20,Active
7,Jeremy Hardin,1984-07-21,Male,Teacher,Port Seanview,North Korea,2021-08-24,Active
8,James Fletcher,1999-01-15,Male,Teacher,Deniseport,UK,2023-03-24,Active
9,Curtis Jones,1957-05-10,Male,Teacher,South Darrenside,USA,2019-05-31,Inactive
10,Jeanette Collins,1979-03-01,Female,Manager,East Brian,India,2021-12-20,Inactive
11,Chris Odom,2000-08-21,Male,Analyst,Lake Douglasville,Canada,2020-01-10,Active
12,Roger Todd,1958-08-16,Female,Manager,Erinton,Singapore,2026-04-27,Active
13,Virginia Franklin,1963-06-12,Female,Manager,Warnerchester,UAE,2020-09-14,Active
14,James Vaughn,1987-10-13,Male,Doctor,North Kellyburgh,UK,2021-04-04,Active
15,David Ramos,1964-11-05,Female,Student,South Robertview,Canada,2019-04-01,Active
16,Jennifer Nunez,1990-04-11,Male,Doctor,Nunezhaven,India,2021-03-24,Active
17,Catherine Perez,1980-02-26,Male,Engineer,Schneiderbury,Germany,2024-07-14,Inactive
18,Valerie Simmons,1985-06-13,Male,Teacher,Saraborough,UAE,2023-01-12,Active
19,Jordan Newton,1951-04-08,Male,Student,Port Thomaschester,UAE,2023-01-22,Active
20,Whitney Jones,1953-03-21,Male,Engineer,Walkerstad,Canada,2023-04-09,Active
21,Guy Carter,1993-02-13,Male,Engineer,West John,Germany,2019-08-25,Active
22,Dr. Leah Spencer,2002-10-21,Male,Doctor,Lake Natasha,India,2025-09-21,Inactive
23,Jessica Bender,1984-08-11,Female,Student,North Christopherhaven,UK,2019-09-10,Active
24,Kelly Cameron,1955-01-20,Male,Teacher,Lake Isaacmouth,North Korea,2024-11-15,Active
25,Jordan Mclaughlin,1959-06-13,Female,Doctor,Millerchester,UK,2020-03-25,Active
26,David Price,1989-11-14,Male,Engineer,Adamsmouth,North Korea,2020-01-12,Inactive
27,Sarah Barton,1997-06-05,Male,Doctor,East Katherineshire,Canada,2020-02-10,Active
28,Patrick Lee,1990-10-11,Female,Analyst,Powellstad,Syria,2026-06-09,Inactive
29,Jeremiah Morris,1967-01-02,Male,Manager,New Johntown,Germany,2022-08-04,Inactive
30,Justin Gregory,1974-12-22,Female,Teacher,Waltershire,Singapore,2021-03-22,Inactive
31,William Sweeney,1997-02-09,Male,Manager,Thompsontown,India,2022-10-28,Active
32,Brett Stephens,1989-07-07,Female,Teacher,Lake Sandra,Singapore,2023-01-24,Inactive
33,Lisa Boone,1984-12-07,Female,Manager,Megantown,India,2018-10-10,Active
34,Heather James,1983-08-09,Female,Manager,Collinsland,Canada,2023-08-19,Active
35,Lisa Hart,1954-06-05,Male,Analyst,Warrenhaven,India,2019-03-28,Active
36,Tiffany Harris,1979-12-28,Female,Doctor,East Timothyville,UK,2023-07-05,Active
37,David Smith,1994-11-27,Male,Analyst,New Phillip,India,2025-12-18,Active
38,Brandy Thomas,2007-03-20,Female,Student,Simpsonville,Syria,2021-11-10,Active
39,Michele King,1992-02-10,Male,Doctor,Dylanmouth,Afghanistan,2024-05-21,Inactive
40,Sue Beasley,1980-06-28,Male,Analyst,Beckerberg,UAE,2023-01-08,Active
41,Walter Lang,1978-07-03,Female,Teacher,Jeremiahside,Canada,2023-09-01,Active
42,Jeffrey Juarez,1966-11-15,Male,Teacher,Gravesmouth,UK,2019-09-06,Active
43,Jeffrey Gibson,1957-03-13,Female,Manager,South Jeffmouth,USA,2023-09-15,Active
44,George Jackson,1994-09-07,Male,Doctor,Port Jennifer,Iran,2026-04-17,Active
45,Kristi Mendez,1959-01-14,Male,Manager,South Sharon,Germany,2024-08-13,Active
46,Michael Mcclain,1979-05-22,Female,Engineer,Lake Adamfort,Germany,2024-02-29,Active
47,Corey Gray,1994-11-18,Female,Analyst,East Courtney,Afghanistan,2024-06-21,Active
48,Terrance Washington,1961-11-10,Female,Doctor,Port Michaelbury,Canada,2026-05-18,Active
49,Dr. Samantha Hawkins,1972-04-01,Female,Student,New Christopherbury,UK,2022-06-24,Active
50,Mark Duncan,1996-10-12,Male,Manager,Wangbury,Germany,2020-12-11,Active
51,Brittany Alvarado,2004-06-29,Male,Analyst,Ethanborough,USA,2018-07-25,Inactive
52,Jill Martin MD,1994-10-03,Female,Doctor,South Elizabethtown,UK,2023-02-22,Active
53,David Smith,1969-09-23,Female,Manager,Ortegaland,UK,2020-03-24,Active
54,Keith Steele,1993-09-21,Male,Manager,Sandraland,UAE,2018-07-09,Active
55,Patricia Ferguson,1999-10-15,Female,Manager,Garcialand,Syria,2026-04-03,Active
56,Summer Becker,1987-12-23,Female,Doctor,Whitakerside,India,2024-04-10,Active
57,Jamie Gallagher,1993-12-31,Male,Doctor,Anthonymouth,UK,2023-11-19,Active
58,Kenneth Smith,2003-01-08,Female,Student,North Natalie,USA,2019-06-02,Active
59,Joseph Giles,1963-08-16,Male,Analyst,Timothytown,Syria,2020-12-16,Active
60,Allen Gomez,1974-06-05,Female,Manager,South Marissa,Germany,2025-07-19,Active
61,Erika Smith,1982-06-06,Female,Doctor,Lake Gregory,UK,2019-01-17,Active
62,Jessica Morris,1983-07-17,Female,Engineer,Valentineside,UAE,2026-01-12,Active
63,Miguel Williams,1992-08-23,Female,Manager,Hensonfort,India,2024-12-13,Inactive
64,Tracey Richardson,2003-01-25,Male,Analyst,Lake Robert,India,2025-10-03,Inactive
65,Randy Lopez,1985-10-08,Male,Analyst,Francisville,Germany,2021-05-31,Active
66,Marc Thompson,1956-03-16,Female,Doctor,Port Albert,USA,2020-04-30,Active
67,Brooke Bishop,1979-08-04,Male,Manager,Grahamville,India,2022-02-19,Active
68,Harry Palmer,2005-11-17,Female,Analyst,South Matthew,Canada,2019-09-22,Active
69,Edwin Spencer,1956-07-22,Female,Teacher,West Tammy,UK,2022-04-30,Active
70,Marcus Duffy,1953-08-06,Female,Engineer,Michaelberg,UAE,2019-08-19,Inactive
71,Kevin Frost,2005-07-17,Male,Manager,South Jessica,India,2025-04-24,Active
72,Tracy Cox,2006-10-29,Male,Doctor,Barreraborough,India,2024-10-24,Active
73,Andrew Hart,1994-12-07,Male,Doctor,South Graceport,UK,2023-02-04,Active
74,Thomas Palmer,1974-05-06,Male,Doctor,North Matthew,Germany,2023-08-28,Active
75,Lisa Hill,1965-07-12,Male,Doctor,South Kennethmouth,Canada,2025-10-27,Active
76,Joshua Ferguson,1960-05-20,Female,Manager,New Donald,Germany,2020-12-29,Active
77,Pamela Rodriguez,1950-10-15,Male,Engineer,Amandashire,Germany,2022-10-10,Inactive
78,Kelly Burnett,1961-01-14,Male,Engineer,Welchhaven,India,2021-07-14,Active
79,Angela Taylor,1976-02-03,Female,Engineer,Ralphton,North Korea,2020-02-07,Active
80,Michelle Johnson,2006-02-05,Male,Analyst,Angelaport,India,2025-12-31,Active
81,Stephanie Schmitt,1963-12-05,Male,Engineer,Heatherville,Germany,2024-03-25,Active
82,Christine Valencia,1967-05-17,Female,Engineer,Michaelborough,Canada,2020-08-02,Active
83,Jesse Miller,1981-08-02,Male,Student,East Garyberg,Syria,2023-12-04,Active
84,Scott Russell,1991-10-28,Male,Engineer,Nicoleville,India,2020-01-07,Inactive
85,John Meyer,1971-08-08,Male,Student,South Martin,Singapore,2021-09-05,Active
86,Jeffrey Brown,1979-03-21,Male,Analyst,Yoderville,UAE,2025-09-15,Inactive
87,Virginia Johnson,1988-10-20,Male,Manager,Robertview,India,2022-06-20,Active
88,Jenny Porter,1953-02-20,Female,Engineer,Port Connie,India,2018-11-20,Active
89,Dustin Stuart,2005-06-22,Female,Engineer,New James,USA,2021-04-10,Inactive
90,Brenda Thomas,2002-02-15,Male,Teacher,Andrewtown,UK,2019-08-21,Active
91,Lisa Edwards,1968-10-07,Male,Analyst,Davistown,Singapore,2022-10-28,Inactive
92,Harry Allen,1957-07-27,Male,Engineer,New Raymondburgh,UAE,2024-07-22,Active
93,Gina Lee,2001-11-19,Male,Doctor,Halestad,India,2021-11-30,Active
94,Victoria Baker,1975-03-11,Female,Manager,Lake Chasetown,USA,2021-07-08,Active
95,Richard Smith,1964-07-03,Male,Doctor,New Ronald,UK,2019-03-07,Active
96,Michelle Garcia,1993-04-26,Male,Teacher,Lake Sylviaberg,India,2021-10-09,Active
97,Leslie Lewis,2004-10-12,Male,Engineer,Hoffmanhaven,USA,2026-03-06,Active
98,Felicia Chapman,1989-04-01,Male,Engineer,West Jonathanhaven,Germany,2018-12-15,Active
99,James Murray,1962-04-09,Male,Engineer,Lake Jillian,UAE,2024-10-03,Active
100,Casey Rodgers,1998-12-25,Male,Manager,South Adam,UK,2020-10-22,Active
101,Angela Mahoney,1974-11-07,Male,Engineer,North Melissa,India,2019-12-02,Active
102,Tricia Brooks,1969-02-13,Female,Analyst,Lake Eugene,Canada,2018-12-30,Active
103,Donna Johnson,1963-09-28,Male,Engineer,Munozhaven,Singapore,2025-12-06,Active
104,Elizabeth Sanchez,1995-08-30,Female,Manager,Conradfurt,Syria,2019-11-02,Active
105,Tyler Wells,1957-03-15,Male,Teacher,Charlenebury,UAE,2019-04-06,Inactive
106,Jessica Boyd,1983-07-31,Male,Manager,North Tammymouth,USA,2020-02-12,Active
107,Gabriel Berry,1983-06-08,Female,Doctor,Josephhaven,Canada,2025-06-06,Active
108,Charles Phillips,1989-02-22,Male,Doctor,Port Jessicaburgh,North Korea,2022-10-16,Active
109,Thomas Thompson,1965-05-08,Male,Doctor,Masseyfurt,India,2023-07-25,Active
110,Roger Dixon,1975-08-30,Male,Manager,South Richardborough,Iran,2021-01-23,Active
111,Morgan Williamson,2008-05-25,Female,Student,Port Jessicachester,USA,2022-02-10,Active
112,Stephen Gomez,1996-02-19,Male,Analyst,Kelleyport,Canada,2019-03-06,Active
113,Melissa Anderson,1975-03-17,Female,Student,West Angelabury,Germany,2025-08-19,Active
114,Sarah Smith,1973-08-20,Female,Teacher,Michelleburgh,UK,2018-07-20,Active
115,Diana Coleman,1989-12-15,Female,Manager,Karenchester,UK,2021-11-15,Inactive
116,William Krause,1996-10-22,Female,Doctor,East Tyler,UAE,2023-03-21,Inactive
117,Cynthia Hines,2007-04-11,Female,Engineer,Lake Tammyshire,USA,2022-02-16,Inactive
118,Lawrence Brown,1987-08-26,Male,Manager,Johnsonchester,UK,2021-01-07,Inactive
119,Amber York,1980-11-20,Male,Manager,Adrianborough,India,2025-06-01,Active
120,Kim Hughes,1967-01-09,Female,Engineer,Keithborough,UK,2020-12-01,Inactive
121,Melissa Gutierrez,1974-11-02,Male,Teacher,West Shelley,Singapore,2024-12-28,Active
122,Evan Nelson,1965-01-28,Male,Engineer,East Brendanville,North Korea,2023-09-13,Active
123,Andrew Davis,1997-09-27,Female,Analyst,Mileshaven,Canada,2018-09-27,Inactive
124,Kimberly Clark,2004-09-03,Male,Manager,Vazquezport,India,2020-10-12,Active
125,Scott Harmon,1961-12-26,Male,Doctor,Port Jenniferland,India,2021-09-26,Active
126,Lori Jordan,1960-04-03,Male,Engineer,Bradyborough,UK,2023-03-23,Active
127,Lee Stein,1965-12-24,Male,Manager,Castillofort,UK,2024-01-21,Active
128,Beverly Baker,2007-08-05,Female,Analyst,Blanchardfurt,India,2024-08-27,Active
129,Samuel Carlson,1966-03-21,Male,Engineer,Ricechester,Canada,2018-07-30,Inactive
130,Reginald Joyce,1981-08-28,Male,Teacher,Cindyview,India,2020-06-26,Active
131,Christine Perry,1996-07-29,Male,Teacher,Ryanbury,UAE,2023-04-16,Active
132,Jeremy Smith,1951-03-14,Female,Engineer,East Nicole,Germany,2022-02-03,Inactive
133,Nancy Brown,1984-01-14,Male,Engineer,Gutierrezberg,UK,2024-12-01,Active
134,Anthony Buchanan,1958-12-16,Male,Doctor,Port Sarahville,Germany,2022-06-04,Inactive
135,Kristine Flores,1952-04-02,Male,Doctor,East Christopher,Canada,2022-03-20,Active
136,Carl Murphy,1989-06-25,Male,Student,Jeremybury,Singapore,2021-03-14,Inactive
137,Brian Rodriguez,1995-05-07,Female,Doctor,East David,India,2020-04-06,Inactive
138,Shawn Wilson,1981-06-15,Male,Teacher,New Brittany,UAE,2021-03-24,Inactive
139,Robert Lee,2002-07-11,Female,Student,Toddside,UK,2025-12-08,Active
140,Eric Roberts,1995-07-17,Male,Analyst,Lake Michaelstad,UAE,2018-10-20,Active
141,Jeremy Foley,1959-10-25,Male,Student,Kathryntown,USA,2025-07-07,Inactive
142,Melissa Powers,1980-12-02,Male,Student,Lake James,India,2021-11-22,Inactive
143,Daniel Rodriguez,1984-12-30,Female,Engineer,Leviborough,Germany,2019-06-07,Inactive
144,Lauren Patel,1985-01-13,Male,Student,Rothbury,UK,2019-09-01,Active
145,Sean Miller,1958-09-17,Female,Engineer,Port Josephfurt,Germany,2018-08-29,Inactive
146,Susan Cook,1953-04-05,Female,Doctor,Moonland,USA,2021-12-15,Inactive
147,Todd Nolan,1998-02-18,Male,Student,South Sarahton,Canada,2018-10-16,Active
148,Amanda Mcguire,1958-08-16,Male,Doctor,Jacktown,UAE,2025-10-03,Inactive
149,Jimmy Mitchell,1973-02-12,Female,Student,Port Benjamin,India,2025-05-23,Active
150,Gabrielle Henderson,1973-02-05,Male,Engineer,Dustinburgh,USA,2020-12-17,Inactive
151,Mark Smith,2008-03-19,Female,Engineer,Gambleton,USA,2020-04-14,Active
152,Rebecca Long,2000-02-26,Male,Teacher,East Johnmouth,India,2025-07-10,Active
153,Paula Alvarez,1961-10-28,Male,Student,Alexanderton,Germany,2020-10-01,Active
154,Renee Arnold,1982-11-08,Male,Student,North Megan,UK,2023-04-07,Inactive
155,Daniel Wong,1979-09-26,Female,Engineer,Jonton,Singapore,2019-11-17,Active
156,Jonathan Olsen,1989-11-09,Male,Teacher,Jeffreyburgh,Singapore,2023-01-11,Active
157,Richard Romero,1985-04-01,Male,Doctor,Allisonside,India,2025-02-26,Active
158,Christian Freeman,1968-01-27,Male,Student,Lake Evan,Afghanistan,2022-06-16,Active
159,Brett Dominguez,2002-09-12,Male,Teacher,Alexport,Syria,2024-01-11,Active
160,Anne Taylor,1972-07-29,Female,Teacher,Hamiltonborough,USA,2026-02-24,Active
161,Richard Hanson,1994-03-17,Female,Doctor,New John,Afghanistan,2019-10-07,Active
162,Lisa Lee,1971-03-12,Female,Teacher,Port Brianton,Canada,2025-02-12,Inactive
163,Kathleen Dunn,2001-01-11,Male,Teacher,Lake Tonyview,USA,2025-06-14,Inactive
164,Lisa Brown,1996-02-10,Female,Student,New Hollymouth,India,2021-09-06,Active
165,April Kim,1997-04-26,Female,Engineer,Frosthaven,UAE,2022-12-22,Inactive
166,Maurice Miles,1990-05-06,Female,Teacher,East David,USA,2026-01-29,Inactive
167,Donna Evans,1966-05-30,Male,Teacher,New Amy,USA,2019-10-16,Active
168,Brittany Montes,1952-03-03,Male,Doctor,South Lisa,Afghanistan,2022-09-02,Inactive
169,Nicole Barker,1984-10-30,Female,Analyst,East Amber,India,2020-02-16,Active
170,Thomas Gonzalez,2008-04-30,Male,Teacher,North Jameston,UAE,2019-07-17,Active
171,Walter Kelly,1962-03-10,Female,Teacher,Lake Aaron,UK,2020-09-23,Active
172,Pamela Evans MD,1970-03-26,Female,Analyst,Millerhaven,Germany,2024-11-14,Active
173,Denise Ray,2006-11-13,Female,Analyst,Jessicaton,USA,2022-04-19,Active
174,Bob Shelton,1964-08-26,Female,Doctor,East Ronaldfurt,North Korea,2025-03-28,Active
175,Rachel Mcclain,1978-07-19,Female,Engineer,West Kimberlymouth,Iran,2019-12-25,Active
176,Doris Baird,1995-07-14,Female,Engineer,Port Nicholemouth,USA,2022-10-03,Active
177,Dustin Woods,1953-03-15,Male,Teacher,South Vanessa,Singapore,2021-09-12,Active
178,Eric Lawrence,1966-03-07,Female,Analyst,Walshton,USA,2023-04-26,Inactive
179,Douglas Hernandez,1978-08-24,Male,Manager,South Michaelbury,Germany,2025-10-20,Active
180,Carmen Wilcox,1968-07-28,Male,Engineer,South Brandonmouth,UAE,2026-06-06,Inactive
181,Nancy Schultz,1982-03-21,Male,Teacher,Roberthaven,USA,2022-10-22,Active
182,Michaela Anderson,1986-11-06,Male,Analyst,Christopherview,UK,2018-11-08,Active
183,Lisa Johnson,1955-02-09,Female,Engineer,Ericksonfurt,Germany,2023-05-05,Inactive
184,Wesley Morales,2003-02-20,Female,Analyst,Stewartville,Canada,2020-06-10,Active
185,Lydia Davenport,1994-07-14,Male,Student,Lake Erinborough,UK,2025-10-25,Inactive
186,Timothy Gibbs,1967-04-30,Male,Manager,Port Amber,UAE,2025-04-02,Active
187,Meredith Daniels,1969-10-16,Female,Doctor,Fullerside,India,2023-12-17,Inactive
188,Amy Bowman,2005-10-30,Male,Manager,Masonmouth,UAE,2021-03-07,Active
189,Daniel Cox,2000-06-01,Male,Student,Kevinville,Singapore,2026-06-23,Inactive
190,Matthew Schultz,2002-01-31,Male,Teacher,North William,Singapore,2020-01-25,Active
191,Jack Lopez,1959-12-23,Male,Doctor,Port Johnport,India,2024-07-31,Active
192,Edward Thomas,1957-08-01,Male,Student,Lake Troy,Singapore,2019-09-16,Active
193,Elizabeth Bruce,1959-05-20,Female,Student,New Nathanborough,Germany,2024-11-07,Active
194,Laurie Mcdowell,1970-06-24,Male,Doctor,New Marcusbury,India,2023-11-13,Active
195,Kathleen Lopez,1991-05-24,Female,Doctor,West Joshua,Canada,2020-06-04,Active
196,Nina Bradley,1955-02-18,Female,Engineer,Pricemouth,UAE,2023-02-27,Inactive
197,Linda Wall MD,1983-08-24,Male,Engineer,Beasleyside,Germany,2021-01-13,Active
198,Casey Rodriguez,2004-06-11,Female,Teacher,New Laurahaven,UAE,2022-08-02,Active
199,Luis Joyce,1954-07-20,Female,Student,Erikastad,USA,2022-03-29,Active
200,Carol Stephens,1966-11-12,Male,Doctor,Lake Thomastown,Germany,2024-07-12,Inactive
201,Rebecca Williams,1981-09-13,Female,Manager,Lisashire,USA,2026-04-05,Active
202,Troy Walker,1996-08-10,Male,Teacher,Tanyaview,Canada,2025-10-02,Active
203,Ryan Marks,1987-07-04,Female,Analyst,East Jennifer,Singapore,2019-02-15,Active
204,Amanda Mccarthy MD,1971-01-09,Male,Teacher,East Latoyaview,UAE,2023-11-07,Active
205,Sonya Gonzalez,1990-12-17,Female,Teacher,South Joannaland,Singapore,2024-01-24,Inactive
206,Stephen Bentley,1983-09-01,Male,Analyst,Ericafurt,Germany,2021-01-28,Inactive
207,Joyce Castillo,1967-08-02,Female,Student,Caitlyntown,UAE,2024-03-22,Active
208,Steven Duke,1978-02-24,Female,Teacher,Port Phyllistown,Canada,2019-07-03,Active
209,Linda Ellis,1993-12-11,Female,Doctor,South Danielhaven,USA,2018-07-29,Active
210,Bobby Livingston,1959-02-18,Female,Manager,Elizabethfort,UK,2020-08-24,Inactive
211,John Bailey,1968-02-16,Male,Analyst,Kevinland,India,2020-11-08,Active
212,Nancy Duncan,1951-08-17,Female,Analyst,North Kristieland,Singapore,2021-09-21,Inactive
213,Vincent Morris,1961-08-01,Female,Manager,Alexisshire,USA,2021-03-05,Inactive
214,Hector Reyes,2005-09-06,Male,Student,East Hayleyview,India,2025-11-01,Inactive
215,Joseph Knight,1951-06-21,Male,Teacher,Mitchellborough,UK,2023-04-06,Active
216,Jacqueline Henry,1953-02-22,Male,Doctor,South Joseph,Singapore,2022-01-31,Active
217,John Crawford,1964-02-13,Male,Student,Lake Austin,UAE,2024-07-21,Inactive
218,Alexis Barnett,1952-04-11,Male,Doctor,Donovanville,Canada,2021-08-05,Active
219,Robert Cunningham,1969-09-22,Female,Student,Matthewberg,USA,2019-12-31,Active
220,Billy Vazquez,1985-10-08,Female,Manager,Taraside,USA,2020-10-09,Active
221,Jose Williams,1959-07-14,Male,Doctor,Port Robertmouth,Singapore,2019-08-30,Active
222,Julie Mills,2008-05-05,Female,Engineer,Scottberg,Germany,2026-01-06,Active
223,Wendy Wright,1980-04-26,Female,Manager,Port Derek,Canada,2023-10-18,Active
224,Rebecca Boyd,1967-08-10,Female,Doctor,Jenniferfurt,UK,2025-01-19,Active
225,Noah Harris,1955-03-30,Female,Student,South Joel,Germany,2022-08-06,Active
226,Alice Bright,1983-05-11,Male,Analyst,Kylemouth,UK,2018-11-06,Active
227,Rebecca Green,2001-01-27,Female,Engineer,East Megan,Singapore,2024-12-17,Active
228,Charles Wallace,1972-07-07,Male,Analyst,Jonathanton,USA,2024-10-04,Inactive
229,Eddie Briggs,1977-04-12,Male,Engineer,New Katelynville,India,2019-10-27,Active
230,Robert Carter,1984-10-16,Female,Student,Colemanfort,UK,2021-04-25,Active
231,Rachel Daniels,1951-01-01,Male,Teacher,Sharonville,Singapore,2022-10-23,Active
232,Danielle Bennett,2005-08-15,Male,Analyst,Moralesborough,Singapore,2020-07-21,Inactive
233,Megan Harrington,1973-05-05,Female,Student,North Melanie,UK,2024-05-08,Active
234,Nicholas Oneal,1991-07-14,Female,Analyst,Maddenstad,Singapore,2024-07-14,Active
235,Christopher Sims,1979-11-15,Female,Student,Fergusonland,USA,2022-12-07,Active
236,Beth Davis,1996-11-05,Male,Analyst,New Courtney,India,2021-03-14,Inactive
237,Kyle Moran,1999-11-15,Male,Teacher,East Hannah,USA,2021-04-01,Inactive
238,Christopher Smith,1964-05-09,Female,Engineer,Port Marisa,Germany,2024-04-13,Active
239,Holly Lin,1983-05-16,Female,Teacher,Zacharymouth,Canada,2022-06-26,Active
240,Nancy Price,1980-11-07,Male,Teacher,South Thomaschester,India,2018-07-17,Active
241,Samuel Avila,1994-01-04,Male,Engineer,Jordanmouth,Germany,2021-02-15,Active
242,Audrey Moody,1980-05-24,Male,Manager,Port Sarah,UAE,2021-01-09,Inactive
243,Jennifer Leonard,1985-01-09,Female,Doctor,East Anthonyfort,UK,2019-05-03,Active
244,George Cox,1950-11-30,Female,Analyst,West Anthonyborough,Syria,2021-09-11,Active
245,Melanie Hernandez,1951-06-06,Female,Teacher,East Margaretbury,UK,2022-03-15,Active
246,William Turner,1970-09-16,Female,Doctor,Port Laura,Singapore,2024-10-30,Active
247,David Myers,1976-02-09,Male,Engineer,Cynthiafurt,UK,2021-03-20,Active
248,Nicholas James,1998-10-02,Female,Teacher,Lake Michael,Germany,2023-01-17,Active
249,Samantha Barry,1998-07-18,Male,Engineer,Port Elizabethport,UK,2019-08-28,Active
250,Sabrina Duran DDS,1994-07-04,Female,Analyst,Dunnburgh,Germany,2019-03-21,Active
251,Jeremy Campbell,2003-06-18,Female,Student,New Paulmouth,Germany,2018-08-08,Active
252,Fernando Cruz,1994-12-25,Male,Doctor,Martinezmouth,UK,2022-04-23,Active
253,Kayla Perry,1961-01-09,Female,Analyst,New Albertland,Singapore,2022-05-08,Active
254,Veronica Paul,1987-08-23,Female,Student,Dustinton,Germany,2022-06-16,Active
255,Jon Gross,1989-03-07,Male,Student,Jamesfort,Singapore,2020-06-24,Active
256,Robert Harper,1985-04-28,Female,Manager,East Donald,Germany,2022-01-27,Active
257,Tracy Harrington,1973-05-27,Male,Manager,South Brittneyburgh,UAE,2021-11-01,Active
258,Kelly Wright,1963-10-25,Female,Student,South Kyleburgh,UK,2024-05-28,Active
259,Lucas Lewis,1972-06-22,Female,Manager,East John,UK,2023-10-19,Inactive
260,Pamela Donovan,1963-06-17,Male,Engineer,West Yvonnehaven,Germany,2018-10-16,Inactive
261,Johnny Hamilton,1953-08-20,Male,Student,West Heidi,Canada,2018-07-18,Active
262,Tony English,1991-12-27,Female,Manager,North Amanda,India,2018-09-08,Active
263,David Morris,1966-07-27,Male,Teacher,West Christian,Syria,2021-04-16,Active
264,Cameron Jones,1978-12-12,Male,Engineer,East Garyton,Germany,2023-05-11,Active
265,Steven Clark DVM,1982-11-17,Female,Teacher,South Tammychester,USA,2026-04-01,Active
266,James Rivera,1958-08-05,Male,Manager,East Stacyside,USA,2022-05-01,Active
267,Catherine Bush,1967-05-30,Male,Doctor,Duaneburgh,UK,2024-07-26,Active
268,Dana Gomez,1998-11-07,Male,Doctor,Lake Kimberlybury,USA,2022-08-29,Active
269,Michelle Johnson,1992-01-04,Male,Analyst,Shortmouth,Singapore,2021-01-15,Active
270,Christopher Glenn,1966-06-17,Male,Doctor,North Leah,India,2022-12-20,Inactive
271,Morgan Holt,1997-01-23,Male,Engineer,Lake Stephanie,Iran,2020-02-13,Inactive
272,Kristin Perez,1990-06-29,Male,Teacher,Gavinstad,UK,2022-11-23,Active
273,Richard Stone,1978-11-06,Male,Teacher,New Justin,Germany,2024-10-18,Active
274,Jay Ward,1964-11-26,Male,Engineer,Jennifermouth,Germany,2021-12-02,Active
275,Justin Blair,1951-08-13,Male,Manager,North Shane,Canada,2021-05-10,Active
276,Jennifer Harvey,1984-07-13,Female,Engineer,Thomasmouth,UK,2020-06-01,Active
277,Jason Hernandez,1971-04-20,Male,Manager,Hayesfurt,Singapore,2018-07-23,Active
278,Leah Ho,1981-06-27,Male,Doctor,Nicholeberg,Germany,2020-03-30,Active
279,Kimberly Lane,1970-08-14,Female,Student,South Jeffery,UAE,2021-05-27,Inactive
280,Mrs. Bridget Wilson,2007-02-18,Male,Doctor,South Stacyfurt,UAE,2025-03-23,Active
281,Jessica Munoz,1974-11-27,Female,Student,Gallowaystad,USA,2024-12-09,Active
282,Alison Morrison,1991-04-20,Male,Manager,Whiteland,Syria,2026-02-19,Active
283,Natalie Mcconnell,1980-08-29,Male,Manager,Ericksonborough,UAE,2022-06-28,Active
284,Juan Castro,1973-02-25,Male,Analyst,Jacobtown,Singapore,2022-02-19,Active
285,Kelly Peck,2005-12-09,Female,Doctor,South Jessica,Germany,2020-07-21,Active
286,Dr. Miranda Turner,1956-03-09,Female,Manager,East Lawrence,Singapore,2026-02-23,Inactive
287,Craig Steele,1975-03-16,Male,Teacher,West Nicoleton,Germany,2021-05-13,Active
288,Cynthia Benson,1999-08-02,Female,Student,Michellebury,India,2022-04-11,Active
289,Valerie Floyd,1985-01-25,Female,Engineer,Stevenfurt,UK,2018-07-06,Active
290,Elizabeth Holland,2000-05-19,Male,Analyst,Stephanieshire,Iran,2022-05-03,Inactive
291,Todd Phillips,1997-05-27,Male,Manager,Cynthiafort,UAE,2023-04-12,Active
292,Mary Reed,2003-04-06,Male,Doctor,East Abigail,Iran,2021-07-13,Active
293,John Clayton,1955-07-22,Female,Student,West Nicolemouth,UAE,2023-04-15,Inactive
294,Heather Sanchez,1970-12-04,Female,Analyst,Billburgh,USA,2023-11-27,Inactive
295,Brandon Shepard,1973-12-16,Female,Manager,South Madeline,UK,2023-02-21,Active
296,Kimberly Harvey,1988-10-10,Female,Doctor,South Timothy,USA,2024-03-01,Active
297,Matthew Hall,1968-10-04,Female,Analyst,Amandaview,Singapore,2021-02-20,Active
298,Sarah Davis,1980-05-21,Male,Doctor,Jacobtown,UK,2024-07-07,Active
299,Richard Crawford,1981-03-17,Female,Student,Jacksonmouth,Singapore,2025-01-31,Active
300,John Schmidt,1969-02-02,Male,Student,North Larry,Germany,2022-08-08,Active
301,Karl Winters,1984-09-22,Female,Manager,New Nathanburgh,UK,2019-12-05,Active
302,Kristina Hodges MD,1995-05-07,Female,Analyst,New David,UAE,2020-03-28,Active
303,Christine Dean,1952-12-23,Female,Student,Andersonport,USA,2020-08-30,Active
304,Brittany Yang,1979-07-18,Male,Analyst,Keithfurt,UAE,2019-07-20,Active
305,Brittany Davis,1963-08-14,Female,Analyst,North Timothy,UAE,2024-06-27,Active
306,Michael Bell,1987-05-21,Female,Analyst,West Kristieberg,UK,2023-09-02,Inactive
307,Tyler Cruz,1963-06-05,Female,Doctor,West Brettborough,India,2022-04-01,Active
308,Timothy Bowman,1971-09-22,Female,Analyst,South Tammy,UAE,2026-05-08,Active
309,Elizabeth Tate,1962-06-10,Male,Analyst,North Nathanbury,Canada,2020-10-28,Active
310,Laura Jones,1973-02-10,Male,Teacher,Port Dillon,UK,2021-02-24,Active
311,Mr. Ryan Ho DVM,2007-03-11,Female,Student,North Tiffanybury,Canada,2022-10-05,Active
312,Tiffany Jackson,1961-04-13,Female,Teacher,West Jonathan,Germany,2025-11-17,Active
313,Vincent Nixon,1965-06-09,Female,Engineer,East Juanchester,Canada,2023-03-09,Active
314,Mariah Snow,2007-05-15,Female,Teacher,Barbaraburgh,Canada,2020-01-22,Active
315,Andrea Lyons,1964-10-01,Male,Doctor,North Jennifermouth,Canada,2024-07-11,Active
316,Stephen Vega,1958-08-19,Male,Manager,Flowersmouth,Germany,2025-09-08,Active
317,Veronica Williams,1973-11-21,Female,Analyst,East Thomastown,Germany,2021-03-13,Inactive
318,Michael Hartman,1979-08-23,Female,Manager,Tammymouth,Canada,2021-12-26,Active
319,Mr. Jaime Curry,1999-11-19,Female,Teacher,Port Samanthastad,UK,2020-09-25,Active
320,Kyle Fisher,1976-02-02,Male,Doctor,Andersonport,UAE,2025-02-14,Inactive
321,Susan Crawford,1960-10-28,Female,Engineer,New Jillview,India,2022-11-03,Inactive
322,Allen Walker,1992-08-06,Male,Teacher,Lake Toni,Singapore,2025-05-22,Active
323,Kara Green,1963-08-08,Male,Analyst,North Crystalborough,Germany,2024-09-27,Inactive
324,Elaine Shields,1998-09-20,Male,Teacher,Barkerchester,Afghanistan,2024-11-24,Active
325,Sean Wells,2003-03-20,Male,Student,Jasonville,UK,2020-07-07,Active
326,Pamela Williams,1986-09-23,Female,Teacher,New Brittneyside,India,2019-03-12,Inactive
327,Deborah Hutchinson,2000-02-25,Male,Analyst,Ambertown,UAE,2023-04-29,Active
328,Virginia Austin,1969-01-09,Male,Teacher,Wardtown,USA,2023-08-21,Active
329,Janice Jones,1993-05-28,Female,Manager,Port Dawn,India,2019-11-27,Inactive
330,Katherine Lopez,1998-05-03,Female,Analyst,New Nicole,India,2019-02-13,Active
331,Morgan Hanna,1964-05-31,Male,Manager,Roachberg,USA,2024-09-30,Active
332,Robert Rodriguez,1995-01-20,Female,Student,Harrisberg,USA,2019-04-24,Inactive
333,Patrick Cervantes,2006-11-01,Male,Teacher,Jonesfurt,Singapore,2019-08-22,Active
334,Benjamin Ramos,1962-05-02,Female,Manager,Christopherchester,India,2021-03-17,Active
335,Amanda Moore,1986-03-13,Female,Student,Booneborough,Canada,2021-06-06,Active
336,Wayne Murphy,1985-07-22,Female,Manager,North Andrew,USA,2019-11-30,Inactive
337,Thomas Rose,2005-03-12,Male,Teacher,Deniseport,UK,2020-06-29,Active
338,Amy Mathis,1998-03-30,Female,Analyst,Garciaview,Singapore,2025-12-06,Active
339,Kevin Huerta,1986-04-25,Female,Student,Port Carrie,Germany,2022-01-13,Inactive
340,Mark Howell,1996-07-28,Female,Student,Daviesside,Germany,2021-03-12,Active
341,Jerry Rogers,1979-07-14,Female,Analyst,North Karenfort,UAE,2026-01-02,Active
342,Chelsey West,1961-11-12,Female,Manager,Jessicaside,Syria,2022-07-12,Active
343,Colin Welch,1958-02-18,Female,Student,New John,Singapore,2021-12-29,Active
344,Christopher Rodriguez,1959-02-26,Male,Doctor,Port Daryl,Canada,2023-09-25,Active
345,Angela Lopez,1962-10-13,Female,Engineer,New Alisontown,Germany,2020-03-14,Active
346,Dr. Kevin Sanchez,1989-02-09,Female,Teacher,North Wendy,Canada,2024-04-17,Active
347,Carrie Shaw,1964-07-23,Female,Student,Richardmouth,India,2020-10-30,Active
348,Ryan Hensley,2006-07-02,Female,Engineer,Lake Anthony,Singapore,2023-12-04,Inactive
349,Michele Robertson,2001-12-20,Female,Doctor,Ericborough,Canada,2021-11-24,Active
350,Mrs. Olivia Mason,1967-11-30,Male,Analyst,Port Martinview,Afghanistan,2023-06-30,Active
351,Christopher Day,1985-06-21,Female,Analyst,Port Leonardborough,USA,2019-06-20,Active
352,Christina Miller,1982-10-04,Male,Student,Bakerbury,UK,2022-02-28,Active
353,Tiffany Rivera,1968-02-03,Male,Teacher,Elizabethland,Canada,2020-07-04,Inactive
354,Christopher Barber,1958-11-16,Female,Engineer,Henrychester,Singapore,2023-11-28,Active
355,Michael Mendez,1982-04-25,Male,Manager,Faulknerchester,USA,2023-03-24,Active
356,Tanya Garcia,1953-04-04,Male,Teacher,Katrinastad,UAE,2019-08-14,Inactive
357,Angel Ortiz,1961-04-30,Female,Analyst,East Johnny,Germany,2023-07-05,Active
358,Christopher Sims,1991-05-29,Female,Student,Palmerhaven,India,2026-01-14,Active
359,Gail Irwin,1980-09-23,Male,Doctor,North Jamiehaven,UK,2019-01-17,Active
360,Tanya Burton,1957-04-16,Female,Doctor,East Kara,Canada,2020-04-03,Active
361,Theresa Bush,1959-12-13,Female,Manager,Comptonhaven,USA,2019-06-15,Active
362,Beth Griffin,1964-06-20,Male,Doctor,Alejandroton,Canada,2021-03-26,Active
363,Emily Hunt,1990-05-05,Female,Manager,New Amanda,India,2026-04-17,Inactive
364,Ashley Gordon,1995-02-26,Female,Doctor,Rosalesmouth,India,2020-08-28,Inactive
365,Crystal Schultz,1993-06-11,Male,Manager,Hamptonburgh,Singapore,2018-10-20,Active
366,Amy Lopez,1978-04-10,Male,Analyst,Smithberg,UAE,2022-08-19,Active
367,Pamela Pineda,1950-09-08,Female,Analyst,West Rachaelbury,Germany,2021-07-18,Active
368,Claire Wood,1983-08-07,Female,Teacher,Leahhaven,India,2019-08-27,Active
369,Katherine Scott,1959-01-20,Male,Manager,West Wayne,UK,2022-07-25,Inactive
370,Joseph Sanchez,1966-01-15,Female,Student,South Jessica,Germany,2025-07-31,Inactive
371,Laurie Sanchez,1992-11-27,Female,Engineer,South Ianshire,Singapore,2020-03-13,Active
372,Kelly Cannon,1960-07-18,Female,Student,East Ryan,Singapore,2026-05-03,Inactive
373,Mark Mccoy,1965-11-25,Female,Engineer,Port Michaelfort,North Korea,2025-08-17,Active
374,Gina Davis,1996-02-02,Male,Analyst,Dwayneton,Singapore,2022-01-28,Inactive
375,Diane Le,1967-05-13,Female,Doctor,Juanview,India,2025-10-17,Active
376,Michael Booker,1982-04-25,Male,Student,New Jason,USA,2019-04-12,Inactive
377,Stephen Lawrence,1968-10-17,Female,Analyst,Lake Rebecca,UAE,2019-01-03,Active
378,John Castro,1978-08-08,Female,Manager,Port Travisberg,UAE,2023-03-16,Inactive
379,James Tran,1970-04-05,Male,Teacher,West Allison,UK,2023-09-12,Active
380,Randy Bartlett,1985-01-22,Female,Student,Briannafort,Iran,2020-06-23,Active
381,Charles Thompson,1987-08-04,Female,Analyst,New Brandon,Germany,2026-04-01,Active
382,Monica Brown,1996-01-01,Female,Analyst,New Shannon,Canada,2025-10-17,Active
383,Jacob Zimmerman,1992-09-11,Male,Manager,Shannonland,India,2022-01-22,Active
384,Jeremy Harris,2001-09-14,Female,Manager,New Markstad,USA,2022-08-13,Active
385,Melissa Williams,1954-05-15,Female,Student,Lake Jamesmouth,Canada,2018-12-03,Active
386,Stanley Moody,1979-04-04,Male,Manager,West Emily,USA,2018-10-07,Inactive
387,Thomas Mcgee,1975-11-07,Male,Engineer,Port Marco,Germany,2021-08-28,Active
388,Clinton Wallace,1967-04-19,Male,Manager,Victorialand,UK,2025-07-11,Active
389,James Stein,2001-10-11,Female,Student,North Lisaview,Singapore,2020-10-11,Active
390,Jamie Blair DDS,1960-08-22,Female,Manager,Sharonshire,Germany,2021-07-15,Inactive
391,Janice Williams,1952-06-10,Female,Doctor,Michellefort,USA,2025-06-18,Active
392,Christopher Wagner,1965-06-17,Male,Manager,North Angela,UK,2018-06-28,Active
393,Karla Ruiz,1984-09-02,Male,Doctor,Lopezbury,North Korea,2020-03-19,Active
394,Kathryn Johnson,1960-07-17,Male,Engineer,Davidbury,USA,2025-06-30,Inactive
395,Zachary Holland,1978-12-19,Female,Analyst,Rileyland,Singapore,2018-07-14,Active
396,Matthew Johnson,1983-04-04,Female,Engineer,Lake Danielfort,USA,2025-05-02,Inactive
397,Danny Martin,1999-06-14,Male,Doctor,South Joshuachester,Canada,2020-05-19,Inactive
398,Wendy Brown,1969-12-23,Female,Student,North Joshuaside,Singapore,2025-09-01,Active
399,Don Marquez,1968-02-16,Male,Student,Smithburgh,UK,2019-03-04,Active
400,Joshua White,1994-11-25,Male,Engineer,Heidibury,Canada,2020-10-03,Active
401,Tiffany Long,2003-12-13,Male,Analyst,Michaelfort,Singapore,2023-03-25,Active
402,Kurt Zuniga,1978-06-22,Female,Engineer,Port Colleen,Iran,2018-11-10,Active
403,Jamie Salas,1986-10-31,Female,Doctor,Nancyville,Singapore,2022-08-01,Active
404,Jon Taylor,1953-07-29,Female,Student,Port Madisonstad,Afghanistan,2024-05-24,Active
405,Monica Meyers,1989-01-11,Female,Analyst,South Justin,UAE,2023-04-29,Active
406,Leah Serrano,1984-01-12,Male,Engineer,Brandiberg,Canada,2025-09-01,Active
407,Nathan Cooper,1951-04-20,Male,Student,Morganton,USA,2025-12-26,Active
408,Nicholas Velazquez,1975-03-24,Male,Teacher,West Meghanmouth,UK,2019-11-21,Inactive
409,Kathy Rocha,1964-02-11,Male,Teacher,Port Pamela,UAE,2021-06-30,Active
410,Charles Barton,1976-04-03,Male,Doctor,South Cassandra,Canada,2022-08-18,Inactive
411,Wayne Sherman,1956-09-06,Female,Manager,Longville,Singapore,2022-10-19,Active
412,William Higgins,1973-02-09,Male,Manager,North Matthewhaven,UK,2023-11-28,Active
413,Jonathan Riggs,2003-04-20,Male,Analyst,West Daniel,UK,2023-04-24,Inactive
414,Laura Smith,1958-06-21,Male,Engineer,Anitaburgh,UK,2019-08-06,Active
415,Michael Miller,2008-02-26,Female,Engineer,Rebeccastad,India,2020-09-22,Active
416,Katherine Sexton,1966-04-27,Male,Doctor,Antonioview,Canada,2018-10-19,Active
417,Donna Velasquez,1951-02-22,Male,Student,Lake Cynthiashire,UAE,2022-09-26,Active
418,Brian Brown,1989-03-29,Female,Engineer,Richardhaven,Germany,2025-06-02,Active
419,Valerie Barnes,1960-03-01,Female,Doctor,Dickersonport,USA,2023-02-15,Active
420,Andrea Chavez,2001-10-26,Female,Analyst,South Adrian,UK,2020-08-21,Active
421,Mary Foster,2007-11-20,Female,Engineer,Heathermouth,Canada,2021-12-16,Active
422,Samuel Ray,1999-10-31,Male,Student,Christophermouth,UK,2019-03-14,Active
423,Pamela Mckenzie,1950-10-18,Male,Teacher,North Christineview,UK,2023-12-31,Active
424,David Morgan,1959-08-20,Female,Manager,Williamsland,Singapore,2022-02-27,Inactive
425,Mr. Johnny Morales,1965-11-30,Male,Manager,Cabreraside,Afghanistan,2019-04-13,Active
426,Tracy Bridges,1977-08-24,Male,Student,New Paigeshire,Canada,2025-12-15,Active
427,Chelsea Griffin,2002-02-10,Female,Doctor,Schmidtton,Germany,2020-03-29,Active
428,Donald Herring,1956-03-06,Male,Student,Eatonhaven,USA,2022-02-09,Inactive
429,Lisa Swanson,1993-04-26,Male,Teacher,East Diana,UAE,2022-12-07,Active
430,Paula Medina,1966-07-12,Male,Doctor,West Troy,India,2023-08-25,Active
431,Traci White,1963-02-06,Male,Teacher,Smithburgh,Canada,2024-05-31,Inactive
432,Christopher Kim,1996-07-07,Male,Teacher,South Courtney,UAE,2020-05-29,Active
433,Joshua Carr,1961-12-24,Female,Analyst,Parkchester,UAE,2022-09-18,Active
434,Karina Sanchez,1977-01-02,Male,Manager,South Michelletown,India,2023-10-06,Active
435,Shirley Welch,1990-04-24,Female,Doctor,Julianview,India,2025-12-11,Inactive
436,Jacob Wilcox,2005-07-15,Female,Manager,Ericbury,Iran,2021-03-03,Active
437,Jason Brown,1955-11-23,Female,Manager,Lake Christinetown,UK,2024-10-05,Inactive
438,Jacob Roberts,1993-12-10,Female,Teacher,Port Michaelhaven,Singapore,2018-12-01,Active
439,Billy Carlson,1986-09-21,Male,Teacher,Jessicafort,Singapore,2018-08-12,Inactive
440,Alexis Burns,1979-06-03,Male,Teacher,Laurachester,Canada,2025-10-24,Active
441,Tony Guerra,1962-10-22,Male,Student,East Andreaton,Afghanistan,2024-12-26,Active
442,Megan Ray,1958-11-28,Female,Teacher,New Candice,UAE,2022-10-15,Active
443,Matthew Sullivan,1973-09-02,Female,Student,Madisonmouth,UAE,2020-12-20,Inactive
444,Keith Gonzalez,1982-04-18,Male,Engineer,Savagebury,Canada,2020-02-16,Active
445,Levi King,1953-07-26,Male,Teacher,West Martinside,Germany,2022-11-03,Inactive
446,Kristina Ramsey,2005-05-21,Male,Student,East James,Canada,2021-01-24,Active
447,Chelsey Moore,1966-02-01,Male,Student,South Deborah,India,2021-02-02,Inactive
448,Kevin Wilkins,2008-01-19,Female,Teacher,Roberthaven,UK,2021-01-12,Inactive
449,Paul Lawrence,1971-03-10,Female,Doctor,South John,UAE,2025-03-04,Active
450,Tanner Bauer,1998-05-01,Female,Student,Port Shannonhaven,North Korea,2023-09-01,Active
451,Jean Brown,1972-07-29,Female,Teacher,Port Brian,USA,2025-04-15,Active
452,Kari Jefferson,1982-03-30,Male,Analyst,Juanfurt,Canada,2026-04-28,Active
453,Ana Morgan,1984-09-06,Male,Analyst,Gregorytown,UK,2025-11-11,Active
454,Veronica Sanders,1953-10-18,Male,Student,Port Dawn,UAE,2019-07-03,Active
455,Jessica Cox,1973-06-03,Male,Doctor,Wellston,Syria,2020-08-01,Active
456,Thomas Garcia,2001-03-02,Female,Manager,Barbarafort,India,2020-10-08,Inactive
457,Kevin Mathews,2006-01-25,Female,Analyst,Alexandrafort,Germany,2025-11-04,Active
458,Jessica Moore,1991-08-01,Female,Analyst,West Charles,Canada,2022-02-06,Active
459,Christina Davila,1957-12-09,Female,Manager,Lake Jennifermouth,India,2018-11-09,Active
460,Anita Fischer,1994-03-24,Male,Teacher,Scottberg,Syria,2026-05-07,Inactive
461,Dustin Gibson,1967-08-04,Female,Doctor,West John,India,2024-05-09,Active
462,Michael Callahan,1967-05-14,Male,Engineer,Brownburgh,Germany,2021-02-25,Active
463,Dr. Anthony Rocha,1980-10-25,Male,Analyst,Danielville,Canada,2023-07-14,Active
464,Brian Jackson,1992-01-07,Female,Teacher,Port Davidberg,UK,2022-03-16,Active
465,Seth Ferguson,1961-12-11,Male,Student,North David,UK,2022-07-31,Active
466,Eric Hernandez,1963-04-09,Male,Student,Lake Carlosside,UK,2025-01-26,Inactive
467,Bailey Gibson,1962-01-08,Female,Student,Jonathanchester,Germany,2019-09-16,Active
468,Roberto Good,2001-05-20,Male,Analyst,West Sheliaport,UK,2024-03-23,Active
469,Kathryn Ballard,1978-10-16,Female,Teacher,Lake Pamela,Singapore,2022-12-08,Active
470,Cynthia Walters,1955-03-27,Male,Engineer,Lake Aaronmouth,Germany,2023-04-25,Active
471,Erin Turner,1962-12-13,Female,Doctor,East John,UAE,2020-09-06,Active
472,Julie Melendez,1959-06-29,Female,Student,South Joshuamouth,UK,2020-10-29,Active
473,Steven Williams,1962-02-15,Female,Teacher,Gomezmouth,UAE,2025-01-07,Active
474,Kari Reese,1968-04-03,Female,Engineer,North George,Canada,2025-05-28,Inactive
475,Gregory Miller,2007-01-31,Female,Student,Barnesshire,Germany,2025-10-05,Active
476,Elizabeth Gardner,1994-11-27,Female,Engineer,South Jason,Germany,2018-11-26,Active
477,Diane Clarke,1957-09-16,Female,Engineer,Port Stephen,Singapore,2022-07-23,Active
478,Katie Swanson,1976-03-29,Male,Student,Lake Rebeccachester,USA,2026-03-14,Active
479,Jennifer Kramer,1982-08-06,Female,Teacher,South Peterfort,UAE,2023-11-29,Inactive
480,Morgan White,2000-05-22,Male,Engineer,West Jaime,USA,2025-02-21,Active
481,Patrick Fuller,1965-01-10,Male,Teacher,Port Ericchester,UAE,2020-07-05,Active
482,Sabrina Pineda,2001-03-13,Male,Student,Aguirrefurt,Canada,2025-07-20,Inactive
483,April Carrillo,2005-08-30,Female,Manager,Marioborough,Singapore,2022-10-28,Active
484,Amanda Clark,1976-02-22,Female,Teacher,Lake Nicole,UAE,2018-07-23,Active
485,Brian Underwood,1970-08-23,Male,Teacher,Laurenfurt,UAE,2022-08-01,Inactive
486,David Russell,1959-04-03,Male,Student,South Paulton,Germany,2021-02-23,Active
487,Madison Harvey,2002-08-19,Male,Engineer,New Edward,UAE,2019-03-26,Active
488,Amanda Parker,2004-04-11,Male,Manager,New Valerieburgh,Singapore,2026-06-07,Active
489,Stephanie Summers,1987-05-24,Female,Engineer,Rhondamouth,Germany,2019-05-13,Inactive
490,Garrett Jackson,1975-06-18,Female,Engineer,Smithborough,USA,2024-01-07,Active
491,Jessica Ortiz,1993-08-18,Female,Doctor,New Karen,India,2024-08-18,Active
492,Tina Parker,1989-05-20,Male,Student,New Stacyland,Afghanistan,2025-08-31,Active
493,Andrew Heath,1950-08-19,Female,Doctor,East Anthony,India,2020-03-29,Inactive
494,Phillip Blackwell,1979-04-16,Female,Engineer,Ericaview,Singapore,2021-10-26,Inactive
495,David Davis,1997-07-09,Female,Analyst,Lake Jason,USA,2022-08-18,Inactive
496,Larry Thomas,1990-02-12,Male,Analyst,Smithton,UAE,2025-03-10,Inactive
497,Rodney Smith,1995-07-28,Male,Teacher,New Sethstad,Canada,2021-12-15,Active
498,Lisa Reyes,1959-11-05,Male,Student,North Mark,UAE,2025-07-14,Active
499,Tamara Thompson,1996-09-03,Male,Student,Amyshire,UAE,2024-08-15,Active
500,Joseph Brown,1951-03-09,Female,Engineer,Michaelland,UK,2026-01-14,Active
501,Elizabeth Stein,1969-10-08,Male,Teacher,Gutierrezville,UK,2021-12-24,Inactive
502,Kyle Berg,1964-09-17,Female,Teacher,Tanyaside,Canada,2020-12-23,Inactive
503,Angela Garza,1989-06-21,Female,Manager,Lake Benjaminbury,Germany,2025-05-09,Active
504,Zoe Estes,1958-02-13,Male,Manager,Smithtown,Germany,2022-11-22,Inactive
505,Brooke Bridges,1978-12-12,Male,Student,Lake Alexis,Syria,2022-11-25,Active
506,Mike Hall,1971-07-04,Male,Manager,Lisaland,UAE,2021-08-25,Active
507,Daniel Snyder,1955-09-20,Male,Doctor,Lake Adammouth,USA,2020-08-02,Inactive
508,Nicholas Harrison,2005-11-24,Female,Analyst,Floydbury,Germany,2018-11-12,Inactive
509,Stephanie Salazar,1985-08-13,Female,Manager,Lake Sarahstad,UK,2025-08-28,Inactive
510,Kenneth Mclaughlin,1964-04-18,Male,Doctor,Jamiefurt,India,2026-04-30,Active
511,Elizabeth Rivera,2003-02-22,Female,Engineer,West Shaneview,North Korea,2025-05-26,Active
512,Jordan Murphy,1955-12-23,Female,Engineer,Jamesville,Germany,2022-08-28,Inactive
513,Michael Rodriguez,1990-07-05,Female,Manager,Snyderburgh,USA,2020-04-13,Active
514,Michelle Rice,1994-05-30,Male,Manager,Brandonville,Canada,2021-01-20,Active
515,Tiffany Bush,1955-06-23,Female,Analyst,West Tiffanyhaven,UK,2019-03-28,Inactive
516,Mary Levy,1983-05-03,Male,Teacher,Amandabury,UK,2026-02-15,Inactive
517,James Sanchez,1962-12-08,Male,Analyst,Hawkinsland,UAE,2021-07-11,Active
518,Gregory Acevedo,1998-03-30,Female,Engineer,Lake Johnstad,Singapore,2025-01-08,Inactive
519,Robert Bray,1962-06-20,Female,Doctor,Burnsview,India,2025-05-05,Active
520,Mr. John Pham,1963-05-28,Female,Engineer,Vazqueztown,Singapore,2023-11-10,Inactive
521,Shaun Patterson,1996-11-06,Male,Student,West Angel,Canada,2021-03-15,Active
522,Jennifer Villarreal,1979-04-19,Male,Manager,North Ericville,Singapore,2018-07-30,Active
523,Joshua Wilkerson,2007-09-14,Female,Engineer,Morrisstad,India,2025-02-18,Active
524,Nicholas Jones,2004-10-10,Female,Student,Port Lorifurt,UK,2020-03-01,Active
525,Mrs. Erin Nguyen,1993-04-26,Male,Manager,Edwardsshire,UK,2018-07-09,Active
526,James Miller,1961-09-20,Female,Manager,Port Brian,UK,2022-10-07,Active
527,Ronald Gomez MD,1985-03-04,Female,Engineer,Henrybury,India,2025-03-03,Active
528,Mary Brown,2007-02-18,Male,Analyst,Amberchester,UK,2019-02-02,Active
529,Tammy Johnson,1964-04-03,Female,Analyst,Andrewburgh,India,2026-06-15,Inactive
530,Kara Valentine,1973-09-27,Female,Manager,Cynthiaview,North Korea,2019-05-29,Active
531,Tamara Carey,2008-05-19,Male,Teacher,Mirandamouth,India,2025-04-27,Active
532,Brett Mayer,1953-10-12,Female,Doctor,West Michelle,India,2025-07-25,Inactive
533,Keith Fox,1991-06-27,Male,Student,Mcdonaldshire,Germany,2020-04-03,Inactive
534,Colleen Hughes,1950-09-09,Male,Student,North Whitneyview,Singapore,2019-09-08,Active
535,Maria Wright,1980-12-02,Female,Manager,East Austinshire,India,2023-01-02,Active
536,Gregory Larsen,1969-08-25,Female,Engineer,New Sarah,Germany,2019-03-30,Active
537,Michael Burns,1986-05-24,Female,Engineer,Aaronburgh,UK,2025-01-21,Inactive
538,Joseph Mcdowell,1972-05-14,Female,Teacher,Nicoleshire,USA,2024-03-05,Inactive
539,Kyle Shepard,1965-03-30,Male,Student,Thompsonside,USA,2025-02-24,Inactive
540,Ashley Oliver,1984-12-17,Male,Analyst,Chenfurt,India,2022-10-10,Inactive
541,Tracy Vega,1975-03-19,Male,Doctor,South James,USA,2019-11-29,Active
542,Nicholas Torres,1966-04-16,Male,Manager,West Laurentown,UK,2023-08-04,Active
543,Rebecca Olson,1982-07-15,Male,Student,Briannaview,Syria,2021-09-06,Inactive
544,Corey Nolan,1982-12-26,Male,Teacher,New Kathleenfurt,UAE,2023-12-21,Inactive
545,Diane Schmitt,1970-04-13,Male,Teacher,North Hannahville,Canada,2025-06-20,Active
546,Mr. Corey Watts,1958-07-13,Male,Doctor,Carlosport,UK,2018-09-23,Inactive
547,Kimberly Stevenson,1962-03-19,Male,Doctor,Montoyaton,UK,2023-08-27,Active
548,Billy Vazquez,1989-07-19,Female,Manager,Buckfort,Singapore,2023-11-20,Inactive
549,Steven Munoz,1969-06-09,Male,Analyst,Snydershire,UAE,2024-08-18,Active
550,Daniel Macias,1966-03-27,Male,Analyst,Gilbertfurt,Iran,2020-06-30,Active
551,Cheryl Phillips,1976-07-04,Female,Teacher,Christopherstad,UAE,2023-12-12,Inactive
552,Debbie Williams,1986-12-13,Male,Student,South Joshuaville,Canada,2022-11-26,Active
553,Dustin Walker,1967-05-19,Male,Teacher,New Ashleybury,USA,2018-09-27,Active
554,James Martinez,1967-07-24,Female,Teacher,Brettton,India,2023-09-01,Active
555,Peter Russell,1982-11-28,Female,Engineer,Amyport,UAE,2024-10-17,Active
556,Brittany Moore,1986-09-28,Male,Student,Port Christopher,Singapore,2024-06-19,Active
557,Ronald Villarreal,1987-11-05,Male,Manager,Claudiafurt,Canada,2019-03-10,Active
558,Tyler Kelley,1984-04-02,Male,Manager,Jonesside,UAE,2022-11-28,Inactive
559,Valerie Harris,1953-05-18,Male,Manager,Hubbardfurt,India,2020-01-17,Active
560,Dominique Winters,1963-02-01,Male,Analyst,Hicksmouth,Germany,2022-02-09,Active
561,Nicole Brown,2006-04-05,Female,Manager,New John,Iran,2018-07-28,Inactive
562,Jessica White,2000-12-21,Female,Teacher,Reneehaven,Singapore,2023-03-06,Active
563,Michele Roman,2006-03-07,Male,Student,Port Kyleburgh,Germany,2018-07-28,Active
564,Kevin Chambers,1953-07-10,Female,Teacher,Wrighttown,Canada,2019-05-09,Active
565,James Knight,1951-07-22,Male,Analyst,West Anthony,Germany,2022-05-22,Active
566,Kyle Ramirez,1987-06-25,Male,Doctor,Kellychester,USA,2021-07-11,Inactive
567,Jessica Simmons,1952-03-15,Male,Engineer,Butlerchester,India,2020-08-27,Active
568,William Wright,2007-03-27,Male,Analyst,Dennisshire,UAE,2024-07-09,Active
569,Michael Moore Jr.,1992-01-02,Female,Manager,West Brett,USA,2024-04-06,Active
570,Victoria Johnson,1981-08-01,Male,Student,Clarkmouth,Canada,2021-11-22,Inactive
571,James Rhodes,1982-03-06,Female,Doctor,Danielshire,India,2025-05-22,Active
572,Gary Ali DVM,1970-01-19,Male,Doctor,Jessicaland,Germany,2022-10-23,Active
573,Valerie Conrad,1966-12-29,Male,Engineer,Schroederside,Afghanistan,2024-09-27,Active
574,Jason Miller,1988-04-18,Female,Student,Deanfurt,India,2020-10-06,Active
575,Jorge Butler,1990-11-10,Male,Manager,New Joshuachester,Canada,2022-07-15,Active
576,Joshua Diaz,1953-03-19,Female,Student,West Robertberg,UK,2018-07-21,Inactive
577,Denise Roman,1982-10-03,Male,Student,East Tommy,UK,2025-04-27,Inactive
578,Brandon Pratt,1978-02-10,Male,Analyst,West Debraberg,Singapore,2024-11-20,Active
579,Natasha Hughes,1963-08-08,Male,Teacher,Martinshire,Canada,2021-05-27,Active
580,Amanda Williams,1955-07-26,Male,Teacher,Lake Benjamin,Afghanistan,2022-01-15,Active
581,Patty Rodriguez,2005-09-14,Female,Manager,Lake Vanessa,UAE,2019-01-14,Active
582,Jennifer Bautista,2006-05-14,Male,Teacher,Brianmouth,Canada,2021-03-14,Active
583,Amy Galloway,1995-07-04,Female,Student,South Melaniechester,Germany,2023-12-24,Inactive
584,Joseph Lee,2001-09-01,Female,Teacher,East Josephfurt,Canada,2025-06-06,Active
585,Edward Johnson,2001-05-17,Female,Teacher,Turnerfort,UK,2019-11-29,Inactive
586,Mr. Gregory Williams DDS,1985-11-01,Female,Teacher,Port Benjamin,USA,2021-08-03,Active
587,Timothy Cobb,1972-05-17,Male,Student,Bellmouth,Singapore,2018-08-25,Active
588,Ashley Jackson,1988-05-17,Female,Manager,Lake Edwardfort,Singapore,2022-07-09,Active
589,John Sanders,1995-10-01,Male,Analyst,South Danielle,Singapore,2023-12-11,Active
590,Richard Garrett,1961-03-13,Male,Analyst,Lake Davidport,UAE,2023-07-22,Active
591,Elizabeth Marshall,1992-09-09,Male,Doctor,Ariasmouth,Afghanistan,2026-02-03,Active
592,Isaac Taylor,1998-01-19,Male,Analyst,Angelaville,USA,2025-09-02,Active
593,Linda Harris,1976-02-29,Male,Engineer,Gonzalezberg,Afghanistan,2022-03-11,Active
594,Beth Johnson,1998-12-30,Female,Doctor,Maryview,Germany,2022-04-13,Active
595,Scott Neal,1966-09-05,Male,Manager,East Alexa,Germany,2020-04-10,Inactive
596,James Brooks,1999-05-17,Male,Engineer,South Tylerbury,UAE,2022-09-14,Active
597,Pamela Grant,1983-08-10,Female,Student,Brianborough,Germany,2020-03-19,Active
598,Alexis Nguyen,1956-04-27,Female,Engineer,West Kristiefort,UK,2023-04-10,Active
599,Evan Davis,1957-06-05,Male,Student,South Emma,USA,2023-11-16,Active
600,Sara Ferguson,1994-02-02,Female,Teacher,Lake Alexandria,Canada,2026-03-06,Active
601,Tiffany Christensen,1987-06-23,Male,Teacher,North Melissaton,Germany,2019-02-02,Active
602,David Morton,1985-05-13,Male,Student,Tylerstad,USA,2026-04-14,Active
603,Ashley Garcia,1975-08-19,Female,Student,North Jessicamouth,USA,2023-12-10,Active
604,Angela Dennis,1984-07-15,Male,Analyst,Lake Ryan,UK,2024-11-23,Active
605,Dean Freeman,1961-03-20,Male,Analyst,Kerrstad,India,2019-08-27,Active
606,Nancy Hunter,1972-12-07,Female,Manager,Lake Timothy,UAE,2021-06-28,Active
607,Elaine Wilson,1960-04-23,Male,Student,New Ryanland,UK,2026-03-09,Active
608,Miss Heather Benjamin,1963-12-28,Male,Engineer,Lake James,Canada,2022-11-21,Active
609,Michael Munoz,1965-08-09,Male,Teacher,Oliviaport,Singapore,2019-10-21,Active
610,Alexander Mason,1961-12-13,Female,Doctor,Lake Patricia,India,2022-10-03,Active
611,Christina Simmons,1995-04-23,Male,Student,Mariashire,Germany,2021-03-03,Inactive
612,Kenneth Thompson,2002-02-23,Female,Student,Port Sarahland,Germany,2024-06-24,Active
613,Carla Morris,1968-10-24,Male,Doctor,North Calvinfort,UAE,2022-05-06,Inactive
614,Valerie Stevenson,1987-11-21,Female,Analyst,East Daniel,Singapore,2020-01-12,Inactive
615,Shelby Watkins,1957-10-25,Male,Teacher,Lake Darylbury,India,2025-05-17,Active
616,Darren Holloway,1998-10-31,Male,Engineer,Karenbury,UAE,2021-01-13,Active
617,Charles Jarvis,1965-02-14,Male,Doctor,Lake Markberg,USA,2022-12-31,Active
618,Lori Jefferson,1978-11-30,Male,Doctor,North Sheryl,UK,2026-02-28,Inactive
619,Lisa Donovan,1975-10-03,Female,Engineer,Josephshire,USA,2019-07-23,Active
620,Todd Maynard,1996-09-12,Male,Engineer,Maldonadochester,UAE,2025-05-22,Active
621,Logan Boyd,1966-12-02,Male,Manager,East Samantha,India,2025-01-01,Active
622,Brandon Thompson,1998-08-17,Male,Engineer,North Lisaborough,UK,2021-12-08,Active
623,David Brown,1986-12-17,Male,Analyst,Melissaside,Singapore,2025-11-15,Active
624,Deborah Cox,2002-01-11,Male,Manager,Amandamouth,Germany,2026-06-01,Active
625,Sheila Parker,1954-05-30,Male,Doctor,Port Matthewville,UAE,2021-08-10,Inactive
626,Maria Watson,1967-12-08,Male,Engineer,Richardfurt,Germany,2023-09-04,Active
627,Sean Mooney,1988-12-06,Female,Teacher,West Kristenfort,Syria,2023-02-12,Inactive
628,David Gonzalez,1985-04-22,Male,Doctor,Mackfort,USA,2021-07-29,Inactive
629,Jennifer Anderson,1999-04-20,Female,Student,Wongchester,Canada,2020-05-13,Active
630,Traci Lawson,1964-02-07,Male,Analyst,New Angelashire,Singapore,2025-12-31,Active
631,Christopher Morrison,1996-01-21,Male,Analyst,Shirleyland,India,2026-05-02,Active
632,Luis Dominguez,1961-06-17,Female,Student,Lewisshire,India,2021-02-27,Active
633,Mr. Jacob Watson MD,1956-11-22,Female,Doctor,Port Anna,UAE,2021-12-21,Active
634,Mark Turner,1959-11-04,Male,Analyst,Sherryburgh,UK,2019-11-04,Inactive
635,Jacqueline Martin,1984-05-12,Female,Teacher,South Kennethchester,Germany,2024-01-02,Active
636,Dwayne Lowe,1978-03-06,Male,Engineer,North Staceyhaven,Singapore,2023-08-02,Active
637,Victoria Smith,1978-01-15,Male,Student,New Jonathan,Canada,2022-06-16,Active
638,Rachel Edwards,1992-08-18,Male,Doctor,Ruizstad,India,2020-12-04,Active
639,Briana Williams,1960-01-29,Female,Student,Jamesview,Germany,2022-05-16,Active
640,Jeffrey King,1992-09-21,Male,Teacher,Villegasfort,Germany,2024-02-12,Active
641,Russell Costa,1954-11-06,Male,Analyst,Wallaceport,Singapore,2025-07-16,Active
642,John Robles,1960-07-29,Male,Analyst,New Michaelberg,USA,2020-06-11,Active
643,Ryan Zimmerman,1953-01-30,Female,Teacher,Annabury,USA,2026-02-18,Active
644,Erika Carter,1996-04-23,Male,Student,Port Patrick,Germany,2025-04-03,Active
645,Travis Patel,1972-08-07,Female,Engineer,Hallfort,India,2022-05-11,Inactive
646,Jesse Salazar,1978-02-15,Female,Teacher,East Williamtown,UAE,2025-04-12,Inactive
647,Michael Pruitt,1989-06-20,Male,Manager,Ashleymouth,Singapore,2025-08-14,Inactive
648,Alicia Miller,1963-12-31,Male,Engineer,Linfurt,USA,2019-05-11,Active
649,David Brown,1952-05-23,Male,Analyst,East Sherri,Iran,2020-02-29,Active
650,Susan Zuniga,1966-04-06,Male,Teacher,Matthewshire,Canada,2025-07-12,Active
651,David Andrade,1976-03-02,Female,Manager,East Michael,USA,2020-12-20,Active
652,Ross Knox,1957-12-29,Female,Manager,East Monicachester,UAE,2025-04-27,Active
653,Samuel Torres,2004-06-06,Male,Manager,South Natalie,UAE,2019-11-25,Active
654,Heather Thompson,2006-07-26,Female,Student,Greerfort,Syria,2021-02-20,Active
655,Anthony Alvarez,1971-07-30,Male,Student,Penningtonside,Singapore,2025-02-01,Active
656,Nathaniel Hanson,1981-04-23,Female,Analyst,Garciamouth,UAE,2022-04-18,Active
657,Dustin Choi,1964-01-24,Female,Engineer,Williamsmouth,Germany,2022-06-15,Active
658,Destiny Taylor,1952-07-31,Male,Manager,Clayfurt,UK,2026-04-29,Active
659,Janet Barajas,1972-06-21,Male,Doctor,West Angelaland,Singapore,2021-04-18,Active
660,Stephanie Robertson,1987-05-01,Female,Student,New Michael,Canada,2025-01-16,Active
661,Daniel Middleton,1950-10-08,Female,Engineer,Shannonmouth,Germany,2020-05-03,Active
662,Brianna Jenkins,1990-11-18,Female,Manager,Johnshire,UAE,2022-03-24,Active
663,Katherine Patel,1961-01-11,Female,Doctor,New Marcus,Canada,2020-07-06,Inactive
664,Monica Payne,1964-01-18,Male,Student,North Janefurt,Singapore,2025-02-10,Inactive
665,Sherry Perkins,1997-11-11,Female,Engineer,Jessicaland,Canada,2020-03-03,Active
666,Brandi Griffith,1971-08-06,Female,Doctor,Lake Russell,UK,2021-10-01,Active
667,Victoria Smith,1959-02-03,Male,Student,Port Rebecca,Germany,2020-01-06,Active
668,Darren Thomas,1996-09-16,Male,Teacher,Beckerfort,UAE,2020-03-30,Inactive
669,Steven Lambert,1998-10-09,Female,Teacher,Monroemouth,Germany,2025-06-03,Active
670,Paul Rollins,1967-10-24,Male,Analyst,Rubenstad,UAE,2026-01-15,Active
671,John Hernandez,1968-01-10,Male,Analyst,Lisaport,UK,2024-04-12,Inactive
672,Mandy Poole,1996-09-21,Female,Student,South Lisachester,UK,2023-05-24,Active
673,Jesus Berry,1989-04-28,Male,Analyst,Wheelermouth,UK,2019-08-11,Active
674,Traci Espinoza,1954-10-10,Female,Student,Stewartton,USA,2019-07-10,Active
675,Susan Wood,1978-07-09,Female,Doctor,New Linda,Singapore,2018-10-23,Active
676,Richard Harris,1969-01-23,Male,Doctor,New Shellyland,UK,2024-10-16,Active
677,Wanda Russell,1951-06-30,Female,Student,East Charles,Iran,2023-11-15,Active
678,Kelly Watts,1990-01-16,Female,Engineer,Port Corey,Singapore,2019-04-21,Inactive
679,Earl Brown,1972-06-26,Male,Student,Lydiaborough,India,2022-01-02,Inactive
680,Justin Young,2001-01-19,Female,Manager,Andersonfurt,UK,2019-08-07,Active
681,Kenneth Higgins,2000-06-11,Female,Engineer,Lake Richard,UAE,2020-12-07,Inactive
682,Becky Clark,1989-08-20,Female,Student,Tylermouth,India,2025-01-05,Active
683,Teresa Roberts,1987-05-17,Female,Analyst,New Justin,UK,2023-10-23,Active
684,Andrew Rodriguez,1962-02-06,Male,Teacher,North Deborah,India,2022-07-02,Active
685,Jennifer Miles,1966-04-16,Female,Doctor,Mariaport,USA,2021-04-15,Inactive
686,Debra Chung,1955-06-29,Male,Teacher,Sototown,UK,2018-08-03,Active
687,Alexis Norton,1958-07-30,Female,Manager,Lake Conniehaven,UK,2022-06-29,Active
688,Regina Lee,1976-05-12,Female,Engineer,Matthewsbury,India,2018-10-29,Inactive
689,Emily Alvarado,1979-12-10,Male,Doctor,Taylorhaven,UK,2024-02-07,Inactive
690,Jennifer Rodgers,2000-10-02,Male,Manager,Johnsonland,Germany,2024-06-22,Active
691,Carrie Nicholson,1963-06-03,Male,Teacher,Sarahstad,USA,2024-04-17,Active
692,John Gomez,1979-03-13,Female,Doctor,South Leahberg,India,2022-04-18,Inactive
693,Chad Humphrey,2001-10-17,Female,Doctor,Williamsfurt,Canada,2019-01-11,Active
694,Brianna Craig,1989-04-01,Female,Engineer,Carrillostad,India,2026-05-30,Inactive
695,Christopher Smith,1959-01-12,Male,Teacher,East Julieshire,Canada,2025-09-18,Inactive
696,Joseph Dickerson,2002-04-19,Male,Analyst,Jimmytown,Canada,2023-09-13,Inactive
697,Douglas Estes,1967-10-13,Female,Teacher,Cherylchester,Germany,2023-04-25,Active
698,Elizabeth Allen,1980-09-22,Male,Analyst,Brettfurt,Germany,2021-06-21,Active
699,Andrew Clark,1978-02-25,Male,Manager,Stevenstad,UAE,2024-03-27,Active
700,Kayla Deleon,2008-02-24,Male,Engineer,West Lori,USA,2021-09-22,Active
701,Lawrence Watkins,2007-05-14,Male,Student,Port Cynthiafurt,Germany,2025-05-14,Active
702,Daniel Davenport,1979-12-15,Male,Manager,Lake Nicoleberg,Germany,2021-06-26,Active
703,Bruce Roach,2001-03-17,Male,Doctor,Lake Johnfort,UK,2020-02-23,Active
704,Rhonda Steele,1965-08-07,Female,Doctor,East Nancy,UK,2026-02-07,Active
705,Allison Wood,1988-12-05,Female,Teacher,Brownside,Canada,2025-10-17,Active
706,Meghan Rhodes,2002-12-08,Female,Engineer,Kristenmouth,USA,2022-12-26,Active
707,Amber Cline,1974-02-01,Female,Engineer,Leslieburgh,Singapore,2021-04-25,Active
708,Kimberly Stanley,1966-06-05,Female,Teacher,Knightview,UAE,2019-12-02,Active
709,Brian Ross,1982-01-07,Female,Engineer,North Mark,UAE,2021-11-07,Active
710,Samantha Johnston,1999-06-11,Female,Teacher,Lake Ryan,UAE,2018-09-29,Inactive
711,Carlos Green,1984-10-08,Female,Analyst,East Jayborough,USA,2026-06-22,Active
712,Victor Smith,1961-02-24,Female,Doctor,Jamesview,Canada,2022-10-18,Active
713,Alexandra Wright,1961-10-10,Female,Engineer,North Kimtown,Canada,2026-05-30,Inactive
714,Jennifer Nolan DVM,1978-07-01,Male,Student,Port Kenneth,USA,2020-12-05,Active
715,Deanna Saunders,2007-01-12,Female,Analyst,Thomaston,Singapore,2019-06-02,Inactive
716,Brian Barker PhD,1959-04-01,Male,Engineer,Medinatown,USA,2024-04-22,Inactive
717,Curtis Gutierrez,1994-11-21,Male,Analyst,North Lisabury,Syria,2021-03-31,Active
718,Carlos Reyes,1964-07-10,Male,Doctor,Maryshire,UK,2019-07-25,Inactive
719,Sydney Elliott,1974-12-22,Male,Student,Smithland,UK,2018-08-22,Active
720,Nicole Waters,1982-05-25,Male,Manager,Port Deborah,Germany,2018-09-25,Inactive
721,Jerry Hughes,1967-09-27,Female,Doctor,Alvaradoview,Germany,2023-05-30,Active
722,Lauren Burns,1967-11-10,Male,Student,Grosston,North Korea,2025-04-11,Active
723,Christine Watson,1956-07-25,Female,Manager,South Ryanton,Germany,2025-05-13,Active
724,Shawn Mckenzie,1991-05-21,Female,Student,West Nancyberg,Germany,2022-08-24,Active
725,David Johnson,2003-02-03,Female,Analyst,Kimbury,UK,2019-04-04,Inactive
726,Seth Flores,1980-12-03,Female,Analyst,Lake Brianview,Canada,2024-02-27,Inactive
727,Phyllis Wright,1986-09-09,Female,Manager,Lake Angelaport,Iran,2018-10-04,Inactive
728,Dr. Michael Adams,1983-04-19,Male,Doctor,Jenniferhaven,Syria,2026-02-03,Active
729,Susan Johnson,1988-01-25,Male,Teacher,Anthonyside,Canada,2023-05-04,Inactive
730,Julie Sanchez DDS,2005-09-18,Female,Teacher,New Angelaburgh,Germany,2026-04-04,Active
731,Kristopher Jones,1967-02-05,Female,Manager,Lake Ginafurt,Canada,2025-02-04,Active
732,Aaron Spence,1998-05-28,Male,Analyst,Port David,North Korea,2019-11-04,Active
733,Kristen Hart,1998-06-15,Male,Analyst,Brandonton,Germany,2026-03-19,Active
734,Chase Hull,1979-05-10,Male,Teacher,Vasquezside,Syria,2022-07-10,Active
735,William Singleton,1969-04-13,Male,Teacher,Lake Walterland,Germany,2021-01-23,Active
736,Samuel Clarke,2007-05-25,Male,Doctor,New Cameronshire,UK,2021-04-22,Active
737,Jennifer Jones,2007-08-29,Male,Manager,Port Sarahville,Canada,2026-06-02,Active
738,Michael Hudson,1978-08-14,Male,Teacher,Port Christophermouth,India,2024-08-15,Active
739,Robert Montgomery,1994-01-07,Male,Engineer,Breannamouth,UAE,2019-05-01,Inactive
740,Jenny Griffin,1956-10-21,Female,Doctor,East Tyler,Singapore,2023-06-23,Inactive
741,Michael Hernandez,2002-06-17,Female,Engineer,Carterfort,India,2019-07-15,Active
742,Miss Laura Stewart,1986-09-01,Female,Engineer,North Eileen,Canada,2023-02-01,Inactive
743,Justin Miller,1984-01-27,Female,Engineer,Michaelshire,Germany,2022-02-18,Active
744,Heather Wright,1956-09-19,Male,Manager,Kevinborough,India,2023-07-10,Active
745,John Anderson,1980-04-17,Female,Doctor,North Stephanie,UAE,2025-12-09,Active
746,Julie Reed,1968-08-06,Male,Doctor,East Antoniotown,North Korea,2023-01-04,Active
747,Bethany Todd,1968-09-01,Female,Doctor,South Reginaldton,USA,2024-05-29,Inactive
748,Sherry Garcia,2001-01-02,Female,Engineer,East Amanda,UK,2025-04-13,Active
749,James Collier,1960-02-27,Female,Student,Port Ricky,Singapore,2025-03-13,Inactive
750,Julia Miller,1983-12-27,Female,Manager,Rebeccaberg,Singapore,2025-07-14,Active
751,Russell Rush,1993-07-01,Female,Analyst,Careyburgh,India,2022-03-09,Active
752,Glenn Livingston,1986-01-08,Male,Doctor,Port Jamesmouth,USA,2019-09-08,Inactive
753,Diana Pearson,1959-03-28,Female,Analyst,East Brandon,Germany,2021-04-06,Active
754,Kaitlin Harrell,1953-04-15,Female,Student,Tinastad,UK,2023-10-21,Inactive
755,Amber Browning,1962-03-01,Female,Teacher,Jeremyberg,Germany,2022-09-13,Active
756,Kristin Klein,1992-01-30,Male,Teacher,Alexshire,UK,2023-08-19,Active
757,Joshua Munoz,1953-07-12,Female,Teacher,Hartmouth,USA,2025-09-03,Active
758,William Wood,1975-03-11,Male,Teacher,Jacksonside,Syria,2020-03-30,Active
759,Melanie Anderson,1978-05-02,Female,Student,Lake Jaystad,Germany,2023-07-19,Active
760,Jessica Taylor,1959-10-17,Female,Doctor,Feliciaborough,USA,2024-03-08,Active
761,Samantha Spears,1979-12-09,Male,Manager,Lake Daniellebury,India,2025-03-21,Active
762,Carolyn Harrison,1978-04-17,Female,Manager,New Mariatown,USA,2020-10-07,Inactive
763,Jennifer Jackson,1995-07-04,Female,Manager,West Donna,India,2023-12-06,Active
764,Laura Diaz,1966-12-09,Male,Student,Kyleview,USA,2024-11-16,Active
765,Erika Baldwin,1986-01-18,Female,Engineer,West Daniellemouth,UAE,2025-11-02,Active
766,Bradley Johnson,1951-10-12,Female,Doctor,Clarkmouth,USA,2018-10-07,Active
767,Andrew Barry,1974-07-26,Male,Student,Lake Paulport,Germany,2021-12-19,Inactive
768,Nicole Koch,2006-04-24,Female,Engineer,Thomasfort,Singapore,2019-06-03,Active
769,Michael Lawrence,1998-04-21,Male,Student,Danielfort,Germany,2019-09-19,Active
770,Rebecca Harvey,1974-12-02,Female,Student,West Kyle,Canada,2018-07-31,Active
771,Benjamin Meyer,1978-08-07,Female,Doctor,Villanuevafort,Iran,2023-10-18,Inactive
772,Samantha Sims,2001-12-11,Male,Manager,Davisbury,Germany,2019-06-22,Active
773,Jill Davis,2005-07-21,Male,Analyst,Lake Lisa,India,2025-10-27,Inactive
774,Katherine Hill,2000-05-14,Female,Student,West Robert,Afghanistan,2025-12-04,Active
775,Michael Holloway,1987-12-25,Male,Teacher,New Katieborough,Afghanistan,2020-10-28,Active
776,Joseph Ali,1986-05-26,Male,Engineer,West Chad,USA,2023-10-10,Active
777,Jose Dickerson,1970-01-01,Female,Manager,Booneview,Singapore,2024-12-31,Active
778,Miss Dawn Robbins,1972-08-23,Female,Analyst,Anneland,UAE,2021-12-22,Inactive
779,Frederick Peterson,1977-05-20,Female,Student,North Christineshire,UAE,2018-09-06,Active
780,Carolyn Rodriguez,1993-06-07,Male,Manager,Tuckerview,India,2025-08-28,Active
781,David Hansen,1968-02-26,Male,Teacher,Mckayhaven,UAE,2024-12-30,Active
782,Sharon Davis,1967-10-13,Male,Manager,New Nicholas,Afghanistan,2025-10-07,Inactive
783,Heather Brown,2007-07-14,Male,Manager,Olsonfurt,Canada,2023-06-23,Active
784,Adam Willis,1968-03-25,Female,Engineer,Lake Vanessabury,Singapore,2018-08-25,Active
785,Jennifer Zimmerman,1975-04-07,Female,Manager,Hendricksfurt,USA,2021-05-14,Inactive
786,Richard Bonilla,1960-09-28,Male,Engineer,Shawnshire,India,2025-05-05,Active
787,Matthew Johnson,1962-08-27,Male,Teacher,Nicholemouth,USA,2021-08-07,Active
788,Stephanie Wilson,2005-07-26,Female,Teacher,Port Jason,Germany,2021-04-09,Active
789,Joshua Molina,1952-12-19,Male,Engineer,West Marc,Singapore,2021-09-25,Active
790,Jamie Thomas,1994-07-13,Male,Teacher,South Cliffordfort,India,2022-01-23,Active
791,Patricia Harding,1992-11-29,Male,Teacher,Leeland,Germany,2021-05-11,Active
792,Jimmy Daniels,1960-10-14,Male,Analyst,Brenthaven,UAE,2024-06-03,Active
793,Rhonda Campos,1977-08-30,Male,Manager,Anthonyhaven,Canada,2021-04-15,Inactive
794,Dominic Adams,1975-10-29,Male,Analyst,Gregoryshire,UK,2025-07-08,Active
795,Matthew Brown,2006-02-18,Female,Doctor,Charlesmouth,USA,2019-04-11,Active
796,Michael Charles,1980-04-28,Male,Analyst,West Markview,UAE,2022-02-14,Active
797,Lauren Jensen,1958-03-16,Male,Student,Weissberg,USA,2021-01-31,Inactive
798,Kimberly Smith,1955-01-27,Female,Teacher,Rossberg,UK,2023-07-02,Inactive
799,Tanner Williams,1985-11-14,Male,Student,Jenniferhaven,Germany,2022-01-10,Active
800,Shane Evans,1964-07-09,Female,Teacher,Port Elizabeth,USA,2018-08-14,Active
801,Jennifer Peterson,1984-04-09,Female,Manager,Lake Andrewview,USA,2018-12-29,Inactive
802,Amanda Ball,1958-08-17,Male,Student,Hoodview,India,2023-03-06,Active
803,Sydney Richardson,1972-05-16,Female,Engineer,West Josephmouth,India,2021-02-27,Inactive
804,Rachel Moody,1996-07-22,Female,Analyst,Watsonfort,India,2018-11-23,Active
805,Kimberly Diaz,2006-01-07,Male,Analyst,Monicafort,Canada,2020-05-27,Active
806,Stephen Ortiz,1955-07-17,Female,Student,West Nicole,UAE,2022-05-20,Active
807,Lisa Price,1965-12-27,Male,Analyst,Port Rickyview,Germany,2022-07-06,Active
808,Michael Christian,2005-09-15,Female,Doctor,Pittsberg,Iran,2018-11-04,Active
809,Kelly Drake,1986-12-31,Male,Doctor,East Dustinville,Germany,2018-11-18,Active
810,Nicholas Hunt,1979-12-25,Female,Doctor,Joneschester,Syria,2022-01-08,Active
811,Jose Martinez,1957-03-03,Female,Manager,North Kelliland,India,2020-02-13,Active
812,Fernando Ayala,1967-07-19,Female,Manager,Richardsonbury,USA,2023-09-27,Active
813,Joshua Pittman,1957-12-17,Female,Manager,Blakemouth,USA,2020-09-15,Inactive
814,Jerry Galvan,2002-03-31,Female,Teacher,Johnstonshire,Iran,2023-01-15,Active
815,Sherri Ellis,1999-10-20,Male,Manager,Jefferymouth,UK,2022-03-13,Active
816,Joshua Williams,1981-04-26,Male,Manager,North Madelinechester,Afghanistan,2021-10-11,Active
817,Anthony Jacobs,1973-11-24,Male,Teacher,Williamsview,UAE,2019-07-14,Active
818,Debra Larson,1982-03-12,Female,Teacher,Alexandertown,USA,2020-11-09,Active
819,Stephanie Cooper,1997-03-19,Male,Student,East Anna,USA,2025-02-06,Active
820,Shelly Wilson,1966-02-22,Male,Student,Port Norma,Singapore,2020-05-10,Inactive
821,Kevin Decker,2004-12-13,Male,Analyst,Combsmouth,Germany,2024-01-10,Inactive
822,Guy Maxwell,1986-10-04,Female,Manager,Nicholashaven,USA,2019-03-19,Inactive
823,Brett Bentley,1966-06-09,Female,Teacher,Kathyport,Singapore,2020-04-07,Active
824,Katelyn Ellison MD,1955-06-11,Female,Student,South Teresaside,India,2024-12-12,Active
825,Nicole Stephens,1992-08-03,Female,Analyst,Port Joseph,Germany,2025-10-21,Active
826,Traci Banks,1990-08-13,Male,Engineer,Thomasberg,UK,2025-07-18,Inactive
827,Robyn Davis,1954-02-21,Female,Doctor,East Codyland,UAE,2019-09-23,Active
828,Carol Fisher,1951-03-31,Female,Manager,Wandafurt,Singapore,2026-03-21,Active
829,Jessica Compton,1964-05-28,Female,Analyst,Atkinsshire,UK,2022-09-15,Inactive
830,Kim Perez,1982-04-03,Female,Manager,West Stacystad,UAE,2025-05-14,Inactive
831,Joseph Harris,1951-11-03,Male,Manager,Brendaberg,Canada,2019-10-13,Active
832,Jennifer Bell,1994-12-29,Male,Teacher,Angelashire,UK,2025-06-23,Active
833,Jodi Gordon,1967-02-18,Female,Analyst,Maryland,Singapore,2020-11-11,Active
834,Catherine Watkins,2001-02-20,Male,Student,Brianview,UAE,2022-02-21,Active
835,Alicia Golden,1993-03-24,Female,Manager,Davidport,Singapore,2018-11-11,Active
836,Stephen Lawson,1966-05-13,Male,Manager,Salazarside,Iran,2019-08-16,Active
837,Steve Curtis,1978-02-05,Male,Doctor,North Daniel,Singapore,2021-08-09,Active
838,Suzanne Murray,1982-07-10,Male,Doctor,Lake Scott,Canada,2026-05-30,Active
839,Aaron Anderson,1990-05-26,Male,Analyst,Port Gary,Canada,2025-03-16,Active
840,Sandra Ramos,1969-05-05,Male,Doctor,Ashleyville,India,2022-05-16,Active
841,James Davis,2000-01-06,Male,Analyst,Jessicashire,USA,2023-09-09,Active
842,Michael Martinez,1995-05-02,Female,Manager,Maryborough,North Korea,2020-02-29,Active
843,Annette Carrillo,1960-03-02,Female,Analyst,Mccarthyland,Singapore,2026-03-19,Active
844,Michelle White,1968-06-09,Female,Manager,West Kimberlyshire,UAE,2023-01-03,Active
845,James Lee,2007-12-12,Female,Manager,Coleport,UAE,2023-08-15,Inactive
846,Jeffrey Vasquez,1979-09-20,Male,Teacher,North Kimberlyfort,Singapore,2020-01-21,Inactive
847,Joseph Gibson,1986-09-09,Male,Analyst,Webermouth,USA,2026-03-05,Active
848,Kathryn Mcbride,1962-01-23,Female,Student,East Jared,Singapore,2019-06-12,Active
849,Jimmy Davis,1956-05-14,Male,Analyst,New Elizabethfurt,Singapore,2024-09-17,Inactive
850,Mark Holmes,1969-01-09,Male,Analyst,North Rebecca,Afghanistan,2019-01-24,Active
851,Timothy Nelson,1967-07-09,Male,Manager,Port Lisatown,India,2021-09-01,Active
852,Joel Bennett,1980-05-15,Female,Doctor,East Stevenland,Syria,2024-01-13,Active
853,Robert Hammond,2003-11-16,Male,Doctor,Floresville,USA,2026-02-15,Active
854,Tammy Silva,1993-05-15,Female,Teacher,Lake Karen,Germany,2023-08-29,Active
855,Bruce Johnson,1978-01-27,Male,Analyst,New Brittneyton,India,2023-06-11,Active
856,Nicole Lee,1981-05-13,Male,Student,East Joyview,USA,2026-04-30,Active
857,Jamie Carney,1984-03-14,Male,Doctor,Amberfort,India,2019-11-29,Active
858,Joshua Phillips,1958-02-22,Female,Teacher,West Keithton,Canada,2020-12-18,Active
859,Caleb Miller,1950-09-06,Male,Doctor,Herringtown,Canada,2021-02-15,Active
860,Aaron Lee,1977-06-27,Female,Manager,Port Melanie,India,2021-07-02,Active
861,Julia Myers,1964-02-29,Female,Student,Dannyport,UK,2019-01-28,Active
862,Keith Davis,1970-08-25,Female,Manager,Rachelstad,UAE,2018-08-22,Active
863,Deborah Chen,1965-05-18,Female,Manager,Davidport,Singapore,2024-10-23,Active
864,Kathryn Hernandez,1956-07-31,Male,Manager,Scottshire,Singapore,2020-10-11,Active
865,Kerry Harris,1981-01-20,Male,Teacher,Katherinestad,UAE,2021-02-05,Inactive
866,William Duran,1997-09-28,Female,Analyst,Zacharyborough,UK,2024-02-19,Active
867,Robert Dunlap,1969-04-30,Female,Teacher,East Seth,Germany,2024-01-23,Active
868,Cindy Guerrero,2001-02-05,Female,Analyst,Port Davidside,UAE,2024-07-29,Active
869,Elizabeth Salazar,1997-11-29,Male,Analyst,East Timothy,Singapore,2021-05-26,Active
870,Justin Luna,1966-08-05,Female,Manager,Smithmouth,Afghanistan,2023-03-09,Inactive
871,Craig Turner,1979-05-17,Female,Doctor,Millerport,UAE,2026-05-22,Inactive
872,Gina Estrada,1968-11-27,Male,Student,East Taylor,USA,2021-09-26,Active
873,Gina Burns,1997-09-25,Male,Manager,Bakerfort,Canada,2025-06-19,Active
874,Joshua Palmer,1966-10-29,Female,Engineer,Aprilland,Singapore,2023-07-13,Inactive
875,Wesley Boyd,1984-04-10,Male,Student,South Brianport,Germany,2023-05-27,Active
876,Anthony Mitchell,1963-07-09,Male,Manager,Lake Lisaton,UK,2020-01-01,Active
877,Holly Jones,1967-12-05,Female,Engineer,South Nicholas,Canada,2021-11-13,Active
878,Jessica Gardner,1978-05-06,Male,Analyst,Port Debbieburgh,UK,2024-12-12,Inactive
879,April Charles,1961-06-10,Male,Teacher,Lake Melissa,India,2020-06-28,Active
880,Tammie Lewis,1959-01-09,Female,Analyst,West Tiffany,Syria,2020-05-15,Active
881,Kristina Mclaughlin,1954-04-17,Female,Teacher,Lake Michaelborough,Singapore,2019-07-05,Active
882,Randy Reid,1966-11-27,Male,Manager,South Wanda,Germany,2022-01-15,Active
883,Laura Lambert,1970-05-20,Male,Doctor,North Williamville,Germany,2023-08-06,Active
884,Sean Smith,1997-11-06,Female,Manager,New Michael,USA,2021-05-27,Active
885,Shannon Miller,1979-03-25,Male,Engineer,Clarkside,India,2019-03-28,Active
886,Victoria Smith,1990-09-15,Male,Teacher,Shawnmouth,Canada,2025-09-06,Inactive
887,Kaylee Jackson,1969-11-19,Female,Engineer,Whitehaven,UAE,2025-02-12,Active
888,Jared Martin,1951-06-28,Male,Engineer,Fuenteschester,UK,2019-08-28,Active
889,Johnny Rocha,2008-04-07,Female,Analyst,North Sarah,Iran,2018-11-29,Active
890,Robert Jacobs,1968-07-28,Male,Student,Aliciachester,Germany,2021-02-11,Active
891,Donna Hart,1953-02-09,Female,Student,Shellyfort,Canada,2024-06-25,Inactive
892,Margaret Downs,1974-08-21,Female,Engineer,New Joshua,Iran,2024-05-03,Active
893,Robert Davis,2003-10-24,Female,Teacher,Port Donald,USA,2024-08-02,Active
894,Dustin Moses,1971-11-23,Female,Doctor,Thomashaven,UK,2019-11-22,Active
895,Christopher Vaughn,1964-11-03,Female,Teacher,New Sean,UK,2020-01-09,Inactive
896,Cody Wilson,2000-06-29,Female,Manager,Ericfurt,Germany,2025-08-11,Inactive
897,Stephanie Lane,1994-05-11,Female,Engineer,Latoyashire,Germany,2020-11-07,Active
898,Philip Hayes,1959-12-11,Male,Teacher,Aaronport,UK,2024-03-01,Inactive
899,Melvin English,1964-10-03,Female,Student,East Daniellehaven,Germany,2022-02-28,Active
900,Darius Estrada,1990-03-16,Female,Manager,South Kari,UAE,2019-06-15,Active
901,Michael Walker,1984-05-29,Female,Student,Tiffanymouth,Singapore,2025-08-24,Active
902,Linda Williams,2006-01-12,Male,Teacher,East Robert,Singapore,2019-05-17,Active
903,Jill Allen,1997-01-30,Female,Doctor,New Daniel,UK,2023-03-03,Active
904,Rachel Anderson,1990-05-27,Male,Analyst,Port Nathan,USA,2021-08-27,Inactive
905,Laura Pena,2007-12-23,Female,Doctor,Georgefurt,India,2022-02-06,Active
906,Kaitlin Watson,1982-05-08,Female,Manager,East Stephanie,Canada,2024-07-12,Active
907,Stephen Weaver,1980-12-31,Male,Teacher,West Johnshire,Iran,2025-08-10,Inactive
908,Thomas Thomas,1992-10-28,Male,Engineer,Port Robertton,USA,2025-05-08,Active
909,Trevor Combs,1980-02-20,Male,Teacher,Paulland,USA,2024-11-03,Inactive
910,Crystal Fleming,1966-09-08,Female,Engineer,South Jasonshire,Canada,2022-11-25,Active
911,Edward Morales,1953-11-06,Female,Doctor,Michealton,USA,2021-10-10,Active
912,Joseph Mann,1954-08-24,Male,Engineer,Lake Ashleyton,UAE,2024-05-02,Inactive
913,Tammy Russell,1984-11-01,Female,Doctor,Ralphborough,Singapore,2020-07-13,Active
914,James Evans,1976-05-03,Female,Analyst,New Juliaborough,India,2019-08-23,Active
915,Samantha Bennett,2005-02-28,Female,Doctor,West Kennethbury,Syria,2023-03-03,Inactive
916,Robert Daniel,1964-09-20,Female,Analyst,Leonardburgh,Singapore,2019-11-15,Active
917,Natalie Smith,1990-05-14,Male,Teacher,Whitakerchester,UK,2020-02-13,Inactive
918,Lee Martinez,1960-05-18,Female,Teacher,West Jonathan,Germany,2026-02-24,Inactive
919,Lori Hickman,1982-10-11,Male,Manager,Port Robertview,UAE,2020-07-28,Inactive
920,Cheryl Saunders,1991-03-03,Male,Doctor,East Donnabury,UAE,2024-07-25,Active
921,Megan Jenkins,1997-05-20,Female,Manager,New Robert,Afghanistan,2021-12-01,Active
922,Angela French,2005-01-20,Male,Doctor,Lake Kelly,UAE,2020-05-25,Active
923,Alex Price,1967-01-16,Female,Student,Lake Angela,USA,2025-11-17,Active
924,Jack Contreras,1984-12-23,Female,Doctor,Turnertown,Germany,2021-11-06,Active
925,Vanessa Howard,2007-04-28,Female,Teacher,South Robin,India,2022-07-24,Active
926,Amanda Hammond,1990-01-14,Female,Teacher,Angelahaven,USA,2024-11-25,Inactive
927,Sarah Myers,1972-03-24,Female,Teacher,Manningside,USA,2020-01-21,Active
928,Charles Kelley,2003-05-25,Female,Teacher,West Morganstad,India,2023-12-13,Active
929,Mark Rivera,1964-12-31,Male,Teacher,Debrastad,Canada,2020-11-14,Active
930,Jennifer Huynh,1989-12-30,Female,Engineer,Fowlerfurt,USA,2025-02-01,Active
931,Vanessa Torres,1981-10-01,Female,Manager,Ashleyberg,Singapore,2022-05-19,Active
932,Kimberly Maxwell,1957-06-10,Female,Analyst,West Amanda,India,2020-09-23,Inactive
933,Jeffrey Anderson,1957-12-11,Female,Manager,Port Mary,Singapore,2020-07-07,Active
934,Bradley Brooks,1971-01-12,Male,Doctor,Boydfurt,Canada,2021-04-04,Active
935,Jesus Yates,1978-03-15,Male,Teacher,North Richard,Singapore,2022-12-31,Inactive
936,Timothy Bell,1987-10-23,Male,Doctor,New Richardton,India,2025-06-19,Active
937,Leah Long,1985-05-16,Female,Engineer,Nicoleborough,UAE,2025-08-13,Inactive
938,Derek Edwards,1993-07-09,Female,Student,South Lance,Canada,2025-03-17,Inactive
939,Emily Williamson,1956-10-20,Male,Engineer,East Dwayne,India,2024-08-28,Inactive
940,Joy Barry,1973-03-22,Male,Student,Williamsborough,USA,2025-07-23,Active
941,Alison Santana,1966-11-16,Female,Analyst,Reyeshaven,Syria,2021-09-01,Active
942,Terri Drake,1967-02-23,Female,Analyst,Daughertybury,Syria,2018-12-18,Active
943,Janet Rangel,1996-04-07,Male,Student,West Kimberly,UK,2019-06-15,Active
944,Gabriella Moyer,1962-06-11,Female,Teacher,Whiteheadland,Singapore,2021-02-22,Active
945,Debra Gould,2003-04-13,Female,Engineer,Port Sheri,India,2024-09-09,Active
946,Jordan Underwood,1950-07-25,Female,Student,Stewartport,UAE,2022-11-10,Active
947,David Lloyd Jr.,1982-09-22,Male,Doctor,Hernandezshire,Iran,2021-10-07,Inactive
948,Jessica Barker,1978-09-27,Male,Student,Allisontown,North Korea,2022-06-17,Active
949,Andrew Ford,1983-09-06,Male,Teacher,Colechester,USA,2024-10-23,Active
950,Chad Benton,1985-09-04,Male,Manager,Alexanderberg,UK,2022-11-21,Active
951,Jennifer Davis,1977-01-06,Female,Doctor,Vasquezton,India,2021-07-07,Active
952,Nicholas Martinez,2003-12-26,Female,Student,Dwaynechester,India,2018-12-20,Active
953,Lisa Wright,2007-10-02,Female,Manager,West Scottberg,Afghanistan,2024-03-16,Inactive
954,Allison Williams,1977-07-09,Female,Analyst,Elizabethfurt,India,2018-07-15,Inactive
955,Debra Cook,2003-04-25,Male,Teacher,Christopherhaven,Singapore,2020-11-18,Active
956,David Harmon,1956-02-10,Female,Student,Pattersonview,UAE,2021-07-29,Active
957,Laura Thomas,1989-03-26,Male,Engineer,East Richard,Singapore,2019-08-27,Active
958,Colleen Rivera,1971-05-18,Female,Engineer,North Dennisburgh,UK,2024-03-14,Active
959,Mark Knight,2001-11-12,Female,Manager,East Richard,North Korea,2025-05-25,Active
960,Diane Lawrence,1973-10-25,Female,Engineer,Vargashaven,Singapore,2018-11-29,Active
961,Mary Bowman,1967-01-28,Female,Manager,East James,UK,2023-10-18,Active
962,Fernando Melton,1976-01-13,Female,Teacher,Port James,Germany,2022-05-13,Inactive
963,Jesse Gordon,1989-02-14,Male,Student,Wiseville,UAE,2022-05-30,Inactive
964,Tammy Taylor,1988-07-13,Male,Student,Ashleyberg,Syria,2024-01-24,Active
965,Linda Rodriguez,2003-07-26,Male,Analyst,Masonville,Canada,2020-08-17,Active
966,Robert Evans,1997-05-30,Male,Engineer,Lake Reginaside,Canada,2018-11-15,Active
967,Franklin Serrano,1985-10-26,Male,Analyst,Wilsonshire,UK,2025-09-25,Active
968,Jamie Peterson,2002-10-23,Female,Manager,Mcdanielbury,Afghanistan,2019-05-12,Inactive
969,Peter Campbell,1975-03-24,Female,Student,South Christinaborough,USA,2025-05-04,Active
970,David Fox,2003-05-18,Male,Doctor,East Michaelside,UAE,2023-08-17,Active
971,Kenneth Lewis,1962-07-29,Female,Doctor,East Danielton,Singapore,2025-01-11,Active
972,Joseph Keller,1972-08-15,Male,Teacher,Mckinneyhaven,Singapore,2024-04-20,Active
973,Jeff Booker,1956-10-03,Male,Engineer,Williamsburgh,USA,2024-10-25,Active
974,Raymond Fisher,1976-08-11,Male,Teacher,South Kelly,UK,2023-05-23,Inactive
975,Erica Dominguez,2001-05-03,Female,Manager,Kathyburgh,USA,2020-09-21,Inactive
976,David Miller,2002-07-22,Male,Analyst,East Allisonbury,Iran,2022-09-29,Inactive
977,Garrett Arellano,1963-09-16,Female,Teacher,East Carrieton,India,2025-03-17,Active
978,Jonathan Wilson,1977-02-23,Male,Student,Stephanieshire,UK,2025-04-05,Active
979,Meagan Jones,1994-01-10,Male,Manager,Harrisstad,India,2024-09-06,Inactive
980,Nathan Cole,1991-07-30,Female,Doctor,North Paulport,UAE,2024-03-24,Active
981,Donna Alvarez,2003-01-20,Male,Manager,Joannastad,Singapore,2022-04-04,Active
982,William Buckley,1985-08-20,Female,Student,Port Davidfurt,Afghanistan,2025-06-09,Active
983,Sarah Mueller,1979-08-03,Male,Manager,New Kevinfort,Syria,2026-06-13,Active
984,Nicole Bridges,1989-04-06,Male,Engineer,Williamport,UAE,2019-05-17,Active
985,Danielle Obrien,1996-04-21,Male,Doctor,Davisberg,Canada,2022-03-22,Active
986,Amber Cook,1958-01-31,Male,Teacher,East Daniel,UK,2022-05-15,Active
987,Brianna Singleton,2000-07-06,Female,Analyst,South Carla,Singapore,2023-12-08,Inactive
988,Dennis Smith,1952-07-03,Female,Manager,East Erica,India,2025-01-27,Active
989,Allison Davis,1986-07-20,Female,Teacher,North Bethanymouth,India,2023-06-21,Active
990,Meagan Hobbs,1971-03-24,Female,Doctor,West Daniel,USA,2022-03-10,Active
991,Peter Hunt,1958-03-19,Male,Engineer,Katherineside,Germany,2023-07-29,Active
992,Donald Zimmerman,1982-12-23,Male,Engineer,Heatherbury,Singapore,2024-02-10,Inactive
993,Jacob Rollins,1996-08-21,Female,Engineer,East Robertton,Canada,2024-12-18,Active
994,Erin Mason,1998-12-28,Male,Analyst,New Jaime,Germany,2026-04-09,Active
995,Jacob Rice,2006-06-07,Female,Engineer,Hillshire,India,2020-02-25,Active
996,Ryan Medina,1962-09-08,Female,Engineer,Port Melvin,UK,2019-11-18,Inactive
997,Katherine Petty,1975-10-02,Female,Student,Port Vincentstad,Singapore,2022-10-04,Active
998,Kim Kramer,1972-05-01,Female,Analyst,Schwartzbury,UAE,2024-09-02,Active
999,Matthew Aguirre,1995-07-28,Female,Analyst,East Adam,UAE,2026-05-12,Active
1000,Russell Bush,2002-11-08,Male,Doctor,Lake Elijah,UK,2021-09-17,Active
